[2026-04-13 09:40:02] local.ERROR: SQLSTATE[HY000] [2002] No connection could be made because the target machine actively refused it (Connection: mysql, Host: 127.0.0.1, Port: 3306, Database: bag, SQL: select * from `users` where `email` = test@test.com or `username` = testuser limit 1) {"exception":"[object] (Illuminate\\Database\\QueryException(code: 2002): SQLSTATE[HY000] [2002] No connection could be made because the target machine actively refused it (Connection: mysql, Host: 127.0.0.1, Port: 3306, Database: bag, SQL: select * from `users` where `email` = test@test.com or `username` = testuser limit 1) at C:/MAMP/htdocs/LARAVEL/vendor/laravel/framework/src/Illuminate/Database/Connection.php:841)
[stacktrace]
#0 C:/MAMP/htdocs/LARAVEL/vendor/laravel/framework/src/Illuminate/Database/Connection.php(1021): Illuminate/Database/Connection->runQueryCallback('select * from `...', Array, Object(Closure))
#1 C:/MAMP/htdocs/LARAVEL/vendor/laravel/framework/src/Illuminate/Database/Connection.php(1000): Illuminate/Database/Connection->tryAgainIfCausedByLostConnection(Object(Illuminate/Database/QueryException), 'select * from `...', Array, Object(Closure))
#2 C:/MAMP/htdocs/LARAVEL/vendor/laravel/framework/src/Illuminate/Database/Connection.php(799): Illuminate/Database/Connection->handleQueryException(Object(Illuminate/Database/QueryException), 'select * from `...', Array, Object(Closure))
#3 C:/MAMP/htdocs/LARAVEL/vendor/laravel/framework/src/Illuminate/Database/Connection.php(412): Illuminate/Database/Connection->run('select * from `...', Array, Object(Closure))
#4 C:/MAMP/htdocs/LARAVEL/vendor/laravel/framework/src/Illuminate/Database/Query/Builder.php(3562): Illuminate/Database/Connection->select('select * from `...', Array, true, Array)
#5 C:/MAMP/htdocs/LARAVEL/vendor/laravel/framework/src/Illuminate/Database/Query/Builder.php(3546): Illuminate/Database/Query/Builder->runSelect()
#6 C:/MAMP/htdocs/LARAVEL/vendor/laravel/framework/src/Illuminate/Database/Eloquent/Builder.php(907): Illuminate/Database/Query/Builder->get(Array)
#7 C:/MAMP/htdocs/LARAVEL/vendor/laravel/framework/src/Illuminate/Database/Eloquent/Builder.php(889): Illuminate/Database/Eloquent/Builder->getModels(Array)
#8 C:/MAMP/htdocs/LARAVEL/vendor/laravel/framework/src/Illuminate/Database/Concerns/BuildsQueries.php(367): Illuminate/Database/Eloquent/Builder->get(Array)
#9 C:/MAMP/htdocs/LARAVEL/app/Http/Controllers/AuthController.php(22): Illuminate/Database/Eloquent/Builder->first()
#10 C:/MAMP/htdocs/LARAVEL/vendor/laravel/framework/src/Illuminate/Routing/ControllerDispatcher.php(46): App/Http/Controllers/AuthController->register(Object(Illuminate/Http/Request))
#11 C:/MAMP/htdocs/LARAVEL/vendor/laravel/framework/src/Illuminate/Routing/Route.php(269): Illuminate/Routing/ControllerDispatcher->dispatch(Object(Illuminate/Routing/Route), Object(App/Http/Controllers/AuthController), 'register')
#12 C:/MAMP/htdocs/LARAVEL/vendor/laravel/framework/src/Illuminate/Routing/Route.php(215): Illuminate/Routing/Route->runController()
#13 C:/MAMP/htdocs/LARAVEL/vendor/laravel/framework/src/Illuminate/Routing/Router.php(822): Illuminate/Routing/Route->run()
#14 C:/MAMP/htdocs/LARAVEL/vendor/laravel/framework/src/Illuminate/Pipeline/Pipeline.php(180): Illuminate/Routing/Router->Illuminate/Routing/{closure}(Object(Illuminate/Http/Request))
#15 C:/MAMP/htdocs/LARAVEL/vendor/laravel/framework/src/Illuminate/Routing/Middleware/SubstituteBindings.php(52): Illuminate/Pipeline/Pipeline->Illuminate/Pipeline/{closure}(Object(Illuminate/Http/Request))
#16 C:/MAMP/htdocs/LARAVEL/vendor/laravel/framework/src/Illuminate/Pipeline/Pipeline.php(219): Illuminate/Routing/Middleware/SubstituteBindings->handle(Object(Illuminate/Http/Request), Object(Closure))
#17 C:/MAMP/htdocs/LARAVEL/vendor/laravel/framework/src/Illuminate/Http/Middleware/HandleCors.php(74): Illuminate/Pipeline/Pipeline->Illuminate/Pipeline/{closure}(Object(Illuminate/Http/Request))
#18 C:/MAMP/htdocs/LARAVEL/vendor/laravel/framework/src/Illuminate/Pipeline/Pipeline.php(219): Illuminate/Http/Middleware/HandleCors->handle(Object(Illuminate/Http/Request), Object(Closure))
#19 C:/MAMP/htdocs/LARAVEL/vendor/laravel/framework/src/Illuminate/Pipeline/Pipeline.php(137): Illuminate/Pipeline/Pipeline->Illuminate/Pipeline/{closure}(Object(Illuminate/Http/Request))
#20 C:/MAMP/htdocs/LARAVEL/vendor/laravel/framework/src/Illuminate/Routing/Router.php(821): Illuminate/Pipeline/Pipeline->then(Object(Closure))
#21 C:/MAMP/htdocs/LARAVEL/vendor/laravel/framework/src/Illuminate/Routing/Router.php(800): Illuminate/Routing/Router->runRouteWithinStack(Object(Illuminate/Routing/Route), Object(Illuminate/Http/Request))
#22 C:/MAMP/htdocs/LARAVEL/vendor/laravel/framework/src/Illuminate/Routing/Router.php(764): Illuminate/Routing/Router->runRoute(Object(Illuminate/Http/Request), Object(Illuminate/Routing/Route))
#23 C:/MAMP/htdocs/LARAVEL/vendor/laravel/framework/src/Illuminate/Routing/Router.php(753): Illuminate/Routing/Router->dispatchToRoute(Object(Illuminate/Http/Request))
#24 C:/MAMP/htdocs/LARAVEL/vendor/laravel/framework/src/Illuminate/Foundation/Http/Kernel.php(200): Illuminate/Routing/Router->dispatch(Object(Illuminate/Http/Request))
#25 C:/MAMP/htdocs/LARAVEL/vendor/laravel/framework/src/Illuminate/Pipeline/Pipeline.php(180): Illuminate/Foundation/Http/Kernel->Illuminate/Foundation/Http/{closure}(Object(Illuminate/Http/Request))
#26 C:/MAMP/htdocs/LARAVEL/vendor/laravel/framework/src/Illuminate/Foundation/Http/Middleware/TransformsRequest.php(21): Illuminate/Pipeline/Pipeline->Illuminate/Pipeline/{closure}(Object(Illuminate/Http/Request))
#27 C:/MAMP/htdocs/LARAVEL/vendor/laravel/framework/src/Illuminate/Foundation/Http/Middleware/ConvertEmptyStringsToNull.php(31): Illuminate/Foundation/Http/Middleware/TransformsRequest->handle(Object(Illuminate/Http/Request), Object(Closure))
#28 C:/MAMP/htdocs/LARAVEL/vendor/laravel/framework/src/Illuminate/Pipeline/Pipeline.php(219): Illuminate/Foundation/Http/Middleware/ConvertEmptyStringsToNull->handle(Object(Illuminate/Http/Request), Object(Closure))
#29 C:/MAMP/htdocs/LARAVEL/vendor/laravel/framework/src/Illuminate/Foundation/Http/Middleware/TransformsRequest.php(21): Illuminate/Pipeline/Pipeline->Illuminate/Pipeline/{closure}(Object(Illuminate/Http/Request))
#30 C:/MAMP/htdocs/LARAVEL/vendor/laravel/framework/src/Illuminate/Foundation/Http/Middleware/TrimStrings.php(51): Illuminate/Foundation/Http/Middleware/TransformsRequest->handle(Object(Illuminate/Http/Request), Object(Closure))
#31 C:/MAMP/htdocs/LARAVEL/vendor/laravel/framework/src/Illuminate/Pipeline/Pipeline.php(219): Illuminate/Foundation/Http/Middleware/TrimStrings->handle(Object(Illuminate/Http/Request), Object(Closure))
#32 C:/MAMP/htdocs/LARAVEL/vendor/laravel/framework/src/Illuminate/Http/Middleware/ValidatePostSize.php(27): Illuminate/Pipeline/Pipeline->Illuminate/Pipeline/{closure}(Object(Illuminate/Http/Request))
#33 C:/MAMP/htdocs/LARAVEL/vendor/laravel/framework/src/Illuminate/Pipeline/Pipeline.php(219): Illuminate/Http/Middleware/ValidatePostSize->handle(Object(Illuminate/Http/Request), Object(Closure))
#34 C:/MAMP/htdocs/LARAVEL/vendor/laravel/framework/src/Illuminate/Foundation/Http/Middleware/PreventRequestsDuringMaintenance.php(109): Illuminate/Pipeline/Pipeline->Illuminate/Pipeline/{closure}(Object(Illuminate/Http/Request))
#35 C:/MAMP/htdocs/LARAVEL/vendor/laravel/framework/src/Illuminate/Pipeline/Pipeline.php(219): Illuminate/Foundation/Http/Middleware/PreventRequestsDuringMaintenance->handle(Object(Illuminate/Http/Request), Object(Closure))
#36 C:/MAMP/htdocs/LARAVEL/vendor/laravel/framework/src/Illuminate/Http/Middleware/HandleCors.php(74): Illuminate/Pipeline/Pipeline->Illuminate/Pipeline/{closure}(Object(Illuminate/Http/Request))
#37 C:/MAMP/htdocs/LARAVEL/vendor/laravel/framework/src/Illuminate/Pipeline/Pipeline.php(219): Illuminate/Http/Middleware/HandleCors->handle(Object(Illuminate/Http/Request), Object(Closure))
#38 C:/MAMP/htdocs/LARAVEL/vendor/laravel/framework/src/Illuminate/Http/Middleware/TrustProxies.php(58): Illuminate/Pipeline/Pipeline->Illuminate/Pipeline/{closure}(Object(Illuminate/Http/Request))
#39 C:/MAMP/htdocs/LARAVEL/vendor/laravel/framework/src/Illuminate/Pipeline/Pipeline.php(219): Illuminate/Http/Middleware/TrustProxies->handle(Object(Illuminate/Http/Request), Object(Closure))
#40 C:/MAMP/htdocs/LARAVEL/vendor/laravel/framework/src/Illuminate/Foundation/Http/Middleware/InvokeDeferredCallbacks.php(22): Illuminate/Pipeline/Pipeline->Illuminate/Pipeline/{closure}(Object(Illuminate/Http/Request))
#41 C:/MAMP/htdocs/LARAVEL/vendor/laravel/framework/src/Illuminate/Pipeline/Pipeline.php(219): Illuminate/Foundation/Http/Middleware/InvokeDeferredCallbacks->handle(Object(Illuminate/Http/Request), Object(Closure))
#42 C:/MAMP/htdocs/LARAVEL/vendor/laravel/framework/src/Illuminate/Http/Middleware/ValidatePathEncoding.php(28): Illuminate/Pipeline/Pipeline->Illuminate/Pipeline/{closure}(Object(Illuminate/Http/Request))
#43 C:/MAMP/htdocs/LARAVEL/vendor/laravel/framework/src/Illuminate/Pipeline/Pipeline.php(219): Illuminate/Http/Middleware/ValidatePathEncoding->handle(Object(Illuminate/Http/Request), Object(Closure))
#44 C:/MAMP/htdocs/LARAVEL/vendor/laravel/framework/src/Illuminate/Pipeline/Pipeline.php(137): Illuminate/Pipeline/Pipeline->Illuminate/Pipeline/{closure}(Object(Illuminate/Http/Request))
#45 C:/MAMP/htdocs/LARAVEL/vendor/laravel/framework/src/Illuminate/Foundation/Http/Kernel.php(175): Illuminate/Pipeline/Pipeline->then(Object(Closure))
#46 C:/MAMP/htdocs/LARAVEL/vendor/laravel/framework/src/Illuminate/Foundation/Http/Kernel.php(144): Illuminate/Foundation/Http/Kernel->sendRequestThroughRouter(Object(Illuminate/Http/Request))
#47 C:/MAMP/htdocs/LARAVEL/vendor/laravel/framework/src/Illuminate/Foundation/Application.php(1220): Illuminate/Foundation/Http/Kernel->handle(Object(Illuminate/Http/Request))
#48 C:/MAMP/htdocs/LARAVEL/public/index.php(20): Illuminate/Foundation/Application->handleRequest(Object(Illuminate/Http/Request))
#49 {main}

[previous exception] [object] (PDOException(code: 2002): SQLSTATE[HY000] [2002] No connection could be made because the target machine actively refused it at C:/MAMP/htdocs/LARAVEL/vendor/laravel/framework/src/Illuminate/Database/Connectors/Connector.php:66)
[stacktrace]
#0 C:/MAMP/htdocs/LARAVEL/vendor/laravel/framework/src/Illuminate/Database/Connectors/Connector.php(66): PDO->__construct('mysql:host=127....', 'root', Object(SensitiveParameterValue), Array)
#1 C:/MAMP/htdocs/LARAVEL/vendor/laravel/framework/src/Illuminate/Database/Connectors/Connector.php(85): Illuminate/Database/Connectors/Connector->createPdoConnection('mysql:host=127....', 'root', Object(SensitiveParameterValue), Array)
#2 C:/MAMP/htdocs/LARAVEL/vendor/laravel/framework/src/Illuminate/Database/Connectors/Connector.php(48): Illuminate/Database/Connectors/Connector->tryAgainIfCausedByLostConnection(Object(PDOException), 'mysql:host=127....', 'root', Object(SensitiveParameterValue), Array)
#3 C:/MAMP/htdocs/LARAVEL/vendor/laravel/framework/src/Illuminate/Database/Connectors/MySqlConnector.php(24): Illuminate/Database/Connectors/Connector->createConnection('mysql:host=127....', Array, Array)
#4 C:/MAMP/htdocs/LARAVEL/vendor/laravel/framework/src/Illuminate/Database/Connectors/ConnectionFactory.php(186): Illuminate/Database/Connectors/MySqlConnector->connect(Array)
#5 [internal function]: Illuminate/Database/Connectors/ConnectionFactory->Illuminate/Database/Connectors/{closure}()
#6 C:/MAMP/htdocs/LARAVEL/vendor/laravel/framework/src/Illuminate/Database/Connection.php(1279): call_user_func(Object(Closure))
#7 C:/MAMP/htdocs/LARAVEL/vendor/laravel/framework/src/Illuminate/Database/Connection.php(1317): Illuminate/Database/Connection->getPdo()
#8 C:/MAMP/htdocs/LARAVEL/vendor/laravel/framework/src/Illuminate/Database/Connection.php(528): Illuminate/Database/Connection->getReadPdo()
#9 C:/MAMP/htdocs/LARAVEL/vendor/laravel/framework/src/Illuminate/Database/Connection.php(421): Illuminate/Database/Connection->getPdoForSelect(true)
#10 C:/MAMP/htdocs/LARAVEL/vendor/laravel/framework/src/Illuminate/Database/Connection.php(830): Illuminate/Database/Connection->Illuminate/Database/{closure}('select * from `...', Array)
#11 C:/MAMP/htdocs/LARAVEL/vendor/laravel/framework/src/Illuminate/Database/Connection.php(1021): Illuminate/Database/Connection->runQueryCallback('select * from `...', Array, Object(Closure))
#12 C:/MAMP/htdocs/LARAVEL/vendor/laravel/framework/src/Illuminate/Database/Connection.php(1000): Illuminate/Database/Connection->tryAgainIfCausedByLostConnection(Object(Illuminate/Database/QueryException), 'select * from `...', Array, Object(Closure))
#13 C:/MAMP/htdocs/LARAVEL/vendor/laravel/framework/src/Illuminate/Database/Connection.php(799): Illuminate/Database/Connection->handleQueryException(Object(Illuminate/Database/QueryException), 'select * from `...', Array, Object(Closure))
#14 C:/MAMP/htdocs/LARAVEL/vendor/laravel/framework/src/Illuminate/Database/Connection.php(412): Illuminate/Database/Connection->run('select * from `...', Array, Object(Closure))
#15 C:/MAMP/htdocs/LARAVEL/vendor/laravel/framework/src/Illuminate/Database/Query/Builder.php(3562): Illuminate/Database/Connection->select('select * from `...', Array, true, Array)
#16 C:/MAMP/htdocs/LARAVEL/vendor/laravel/framework/src/Illuminate/Database/Query/Builder.php(3546): Illuminate/Database/Query/Builder->runSelect()
#17 C:/MAMP/htdocs/LARAVEL/vendor/laravel/framework/src/Illuminate/Database/Eloquent/Builder.php(907): Illuminate/Database/Query/Builder->get(Array)
#18 C:/MAMP/htdocs/LARAVEL/vendor/laravel/framework/src/Illuminate/Database/Eloquent/Builder.php(889): Illuminate/Database/Eloquent/Builder->getModels(Array)
#19 C:/MAMP/htdocs/LARAVEL/vendor/laravel/framework/src/Illuminate/Database/Concerns/BuildsQueries.php(367): Illuminate/Database/Eloquent/Builder->get(Array)
#20 C:/MAMP/htdocs/LARAVEL/app/Http/Controllers/AuthController.php(22): Illuminate/Database/Eloquent/Builder->first()
#21 C:/MAMP/htdocs/LARAVEL/vendor/laravel/framework/src/Illuminate/Routing/ControllerDispatcher.php(46): App/Http/Controllers/AuthController->register(Object(Illuminate/Http/Request))
#22 C:/MAMP/htdocs/LARAVEL/vendor/laravel/framework/src/Illuminate/Routing/Route.php(269): Illuminate/Routing/ControllerDispatcher->dispatch(Object(Illuminate/Routing/Route), Object(App/Http/Controllers/AuthController), 'register')
#23 C:/MAMP/htdocs/LARAVEL/vendor/laravel/framework/src/Illuminate/Routing/Route.php(215): Illuminate/Routing/Route->runController()
#24 C:/MAMP/htdocs/LARAVEL/vendor/laravel/framework/src/Illuminate/Routing/Router.php(822): Illuminate/Routing/Route->run()
#25 C:/MAMP/htdocs/LARAVEL/vendor/laravel/framework/src/Illuminate/Pipeline/Pipeline.php(180): Illuminate/Routing/Router->Illuminate/Routing/{closure}(Object(Illuminate/Http/Request))
#26 C:/MAMP/htdocs/LARAVEL/vendor/laravel/framework/src/Illuminate/Routing/Middleware/SubstituteBindings.php(52): Illuminate/Pipeline/Pipeline->Illuminate/Pipeline/{closure}(Object(Illuminate/Http/Request))
#27 C:/MAMP/htdocs/LARAVEL/vendor/laravel/framework/src/Illuminate/Pipeline/Pipeline.php(219): Illuminate/Routing/Middleware/SubstituteBindings->handle(Object(Illuminate/Http/Request), Object(Closure))
#28 C:/MAMP/htdocs/LARAVEL/vendor/laravel/framework/src/Illuminate/Http/Middleware/HandleCors.php(74): Illuminate/Pipeline/Pipeline->Illuminate/Pipeline/{closure}(Object(Illuminate/Http/Request))
#29 C:/MAMP/htdocs/LARAVEL/vendor/laravel/framework/src/Illuminate/Pipeline/Pipeline.php(219): Illuminate/Http/Middleware/HandleCors->handle(Object(Illuminate/Http/Request), Object(Closure))
#30 C:/MAMP/htdocs/LARAVEL/vendor/laravel/framework/src/Illuminate/Pipeline/Pipeline.php(137): Illuminate/Pipeline/Pipeline->Illuminate/Pipeline/{closure}(Object(Illuminate/Http/Request))
#31 C:/MAMP/htdocs/LARAVEL/vendor/laravel/framework/src/Illuminate/Routing/Router.php(821): Illuminate/Pipeline/Pipeline->then(Object(Closure))
#32 C:/MAMP/htdocs/LARAVEL/vendor/laravel/framework/src/Illuminate/Routing/Router.php(800): Illuminate/Routing/Router->runRouteWithinStack(Object(Illuminate/Routing/Route), Object(Illuminate/Http/Request))
#33 C:/MAMP/htdocs/LARAVEL/vendor/laravel/framework/src/Illuminate/Routing/Router.php(764): Illuminate/Routing/Router->runRoute(Object(Illuminate/Http/Request), Object(Illuminate/Routing/Route))
#34 C:/MAMP/htdocs/LARAVEL/vendor/laravel/framework/src/Illuminate/Routing/Router.php(753): Illuminate/Routing/Router->dispatchToRoute(Object(Illuminate/Http/Request))
#35 C:/MAMP/htdocs/LARAVEL/vendor/laravel/framework/src/Illuminate/Foundation/Http/Kernel.php(200): Illuminate/Routing/Router->dispatch(Object(Illuminate/Http/Request))
#36 C:/MAMP/htdocs/LARAVEL/vendor/laravel/framework/src/Illuminate/Pipeline/Pipeline.php(180): Illuminate/Foundation/Http/Kernel->Illuminate/Foundation/Http/{closure}(Object(Illuminate/Http/Request))
#37 C:/MAMP/htdocs/LARAVEL/vendor/laravel/framework/src/Illuminate/Foundation/Http/Middleware/TransformsRequest.php(21): Illuminate/Pipeline/Pipeline->Illuminate/Pipeline/{closure}(Object(Illuminate/Http/Request))
#38 C:/MAMP/htdocs/LARAVEL/vendor/laravel/framework/src/Illuminate/Foundation/Http/Middleware/ConvertEmptyStringsToNull.php(31): Illuminate/Foundation/Http/Middleware/TransformsRequest->handle(Object(Illuminate/Http/Request), Object(Closure))
#39 C:/MAMP/htdocs/LARAVEL/vendor/laravel/framework/src/Illuminate/Pipeline/Pipeline.php(219): Illuminate/Foundation/Http/Middleware/ConvertEmptyStringsToNull->handle(Object(Illuminate/Http/Request), Object(Closure))
#40 C:/MAMP/htdocs/LARAVEL/vendor/laravel/framework/src/Illuminate/Foundation/Http/Middleware/TransformsRequest.php(21): Illuminate/Pipeline/Pipeline->Illuminate/Pipeline/{closure}(Object(Illuminate/Http/Request))
#41 C:/MAMP/htdocs/LARAVEL/vendor/laravel/framework/src/Illuminate/Foundation/Http/Middleware/TrimStrings.php(51): Illuminate/Foundation/Http/Middleware/TransformsRequest->handle(Object(Illuminate/Http/Request), Object(Closure))
#42 C:/MAMP/htdocs/LARAVEL/vendor/laravel/framework/src/Illuminate/Pipeline/Pipeline.php(219): Illuminate/Foundation/Http/Middleware/TrimStrings->handle(Object(Illuminate/Http/Request), Object(Closure))
#43 C:/MAMP/htdocs/LARAVEL/vendor/laravel/framework/src/Illuminate/Http/Middleware/ValidatePostSize.php(27): Illuminate/Pipeline/Pipeline->Illuminate/Pipeline/{closure}(Object(Illuminate/Http/Request))
#44 C:/MAMP/htdocs/LARAVEL/vendor/laravel/framework/src/Illuminate/Pipeline/Pipeline.php(219): Illuminate/Http/Middleware/ValidatePostSize->handle(Object(Illuminate/Http/Request), Object(Closure))
#45 C:/MAMP/htdocs/LARAVEL/vendor/laravel/framework/src/Illuminate/Foundation/Http/Middleware/PreventRequestsDuringMaintenance.php(109): Illuminate/Pipeline/Pipeline->Illuminate/Pipeline/{closure}(Object(Illuminate/Http/Request))
#46 C:/MAMP/htdocs/LARAVEL/vendor/laravel/framework/src/Illuminate/Pipeline/Pipeline.php(219): Illuminate/Foundation/Http/Middleware/PreventRequestsDuringMaintenance->handle(Object(Illuminate/Http/Request), Object(Closure))
#47 C:/MAMP/htdocs/LARAVEL/vendor/laravel/framework/src/Illuminate/Http/Middleware/HandleCors.php(74): Illuminate/Pipeline/Pipeline->Illuminate/Pipeline/{closure}(Object(Illuminate/Http/Request))
#48 C:/MAMP/htdocs/LARAVEL/vendor/laravel/framework/src/Illuminate/Pipeline/Pipeline.php(219): Illuminate/Http/Middleware/HandleCors->handle(Object(Illuminate/Http/Request), Object(Closure))
#49 C:/MAMP/htdocs/LARAVEL/vendor/laravel/framework/src/Illuminate/Http/Middleware/TrustProxies.php(58): Illuminate/Pipeline/Pipeline->Illuminate/Pipeline/{closure}(Object(Illuminate/Http/Request))
#50 C:/MAMP/htdocs/LARAVEL/vendor/laravel/framework/src/Illuminate/Pipeline/Pipeline.php(219): Illuminate/Http/Middleware/TrustProxies->handle(Object(Illuminate/Http/Request), Object(Closure))
#51 C:/MAMP/htdocs/LARAVEL/vendor/laravel/framework/src/Illuminate/Foundation/Http/Middleware/InvokeDeferredCallbacks.php(22): Illuminate/Pipeline/Pipeline->Illuminate/Pipeline/{closure}(Object(Illuminate/Http/Request))
#52 C:/MAMP/htdocs/LARAVEL/vendor/laravel/framework/src/Illuminate/Pipeline/Pipeline.php(219): Illuminate/Foundation/Http/Middleware/InvokeDeferredCallbacks->handle(Object(Illuminate/Http/Request), Object(Closure))
#53 C:/MAMP/htdocs/LARAVEL/vendor/laravel/framework/src/Illuminate/Http/Middleware/ValidatePathEncoding.php(28): Illuminate/Pipeline/Pipeline->Illuminate/Pipeline/{closure}(Object(Illuminate/Http/Request))
#54 C:/MAMP/htdocs/LARAVEL/vendor/laravel/framework/src/Illuminate/Pipeline/Pipeline.php(219): Illuminate/Http/Middleware/ValidatePathEncoding->handle(Object(Illuminate/Http/Request), Object(Closure))
#55 C:/MAMP/htdocs/LARAVEL/vendor/laravel/framework/src/Illuminate/Pipeline/Pipeline.php(137): Illuminate/Pipeline/Pipeline->Illuminate/Pipeline/{closure}(Object(Illuminate/Http/Request))
#56 C:/MAMP/htdocs/LARAVEL/vendor/laravel/framework/src/Illuminate/Foundation/Http/Kernel.php(175): Illuminate/Pipeline/Pipeline->then(Object(Closure))
#57 C:/MAMP/htdocs/LARAVEL/vendor/laravel/framework/src/Illuminate/Foundation/Http/Kernel.php(144): Illuminate/Foundation/Http/Kernel->sendRequestThroughRouter(Object(Illuminate/Http/Request))
#58 C:/MAMP/htdocs/LARAVEL/vendor/laravel/framework/src/Illuminate/Foundation/Application.php(1220): Illuminate/Foundation/Http/Kernel->handle(Object(Illuminate/Http/Request))
#59 C:/MAMP/htdocs/LARAVEL/public/index.php(20): Illuminate/Foundation/Application->handleRequest(Object(Illuminate/Http/Request))
#60 {main}
"} 
[2026-04-13 09:40:44] local.ERROR: SQLSTATE[HY000] [2002] No connection could be made because the target machine actively refused it (Connection: mysql, Host: 127.0.0.1, Port: 3306, Database: bag, SQL: select * from `users` where `email` = test@test.com or `username` = testuser limit 1) {"exception":"[object] (Illuminate\\Database\\QueryException(code: 2002): SQLSTATE[HY000] [2002] No connection could be made because the target machine actively refused it (Connection: mysql, Host: 127.0.0.1, Port: 3306, Database: bag, SQL: select * from `users` where `email` = test@test.com or `username` = testuser limit 1) at C:/MAMP/htdocs/LARAVEL/vendor/laravel/framework/src/Illuminate/Database/Connection.php:841)
[stacktrace]
#0 C:/MAMP/htdocs/LARAVEL/vendor/laravel/framework/src/Illuminate/Database/Connection.php(1021): Illuminate/Database/Connection->runQueryCallback('select * from `...', Array, Object(Closure))
#1 C:/MAMP/htdocs/LARAVEL/vendor/laravel/framework/src/Illuminate/Database/Connection.php(1000): Illuminate/Database/Connection->tryAgainIfCausedByLostConnection(Object(Illuminate/Database/QueryException), 'select * from `...', Array, Object(Closure))
#2 C:/MAMP/htdocs/LARAVEL/vendor/laravel/framework/src/Illuminate/Database/Connection.php(799): Illuminate/Database/Connection->handleQueryException(Object(Illuminate/Database/QueryException), 'select * from `...', Array, Object(Closure))
#3 C:/MAMP/htdocs/LARAVEL/vendor/laravel/framework/src/Illuminate/Database/Connection.php(412): Illuminate/Database/Connection->run('select * from `...', Array, Object(Closure))
#4 C:/MAMP/htdocs/LARAVEL/vendor/laravel/framework/src/Illuminate/Database/Query/Builder.php(3562): Illuminate/Database/Connection->select('select * from `...', Array, true, Array)
#5 C:/MAMP/htdocs/LARAVEL/vendor/laravel/framework/src/Illuminate/Database/Query/Builder.php(3546): Illuminate/Database/Query/Builder->runSelect()
#6 C:/MAMP/htdocs/LARAVEL/vendor/laravel/framework/src/Illuminate/Database/Eloquent/Builder.php(907): Illuminate/Database/Query/Builder->get(Array)
#7 C:/MAMP/htdocs/LARAVEL/vendor/laravel/framework/src/Illuminate/Database/Eloquent/Builder.php(889): Illuminate/Database/Eloquent/Builder->getModels(Array)
#8 C:/MAMP/htdocs/LARAVEL/vendor/laravel/framework/src/Illuminate/Database/Concerns/BuildsQueries.php(367): Illuminate/Database/Eloquent/Builder->get(Array)
#9 C:/MAMP/htdocs/LARAVEL/app/Http/Controllers/AuthController.php(22): Illuminate/Database/Eloquent/Builder->first()
#10 C:/MAMP/htdocs/LARAVEL/vendor/laravel/framework/src/Illuminate/Routing/ControllerDispatcher.php(46): App/Http/Controllers/AuthController->register(Object(Illuminate/Http/Request))
#11 C:/MAMP/htdocs/LARAVEL/vendor/laravel/framework/src/Illuminate/Routing/Route.php(269): Illuminate/Routing/ControllerDispatcher->dispatch(Object(Illuminate/Routing/Route), Object(App/Http/Controllers/AuthController), 'register')
#12 C:/MAMP/htdocs/LARAVEL/vendor/laravel/framework/src/Illuminate/Routing/Route.php(215): Illuminate/Routing/Route->runController()
#13 C:/MAMP/htdocs/LARAVEL/vendor/laravel/framework/src/Illuminate/Routing/Router.php(822): Illuminate/Routing/Route->run()
#14 C:/MAMP/htdocs/LARAVEL/vendor/laravel/framework/src/Illuminate/Pipeline/Pipeline.php(180): Illuminate/Routing/Router->Illuminate/Routing/{closure}(Object(Illuminate/Http/Request))
#15 C:/MAMP/htdocs/LARAVEL/vendor/laravel/framework/src/Illuminate/Routing/Middleware/SubstituteBindings.php(52): Illuminate/Pipeline/Pipeline->Illuminate/Pipeline/{closure}(Object(Illuminate/Http/Request))
#16 C:/MAMP/htdocs/LARAVEL/vendor/laravel/framework/src/Illuminate/Pipeline/Pipeline.php(219): Illuminate/Routing/Middleware/SubstituteBindings->handle(Object(Illuminate/Http/Request), Object(Closure))
#17 C:/MAMP/htdocs/LARAVEL/vendor/laravel/framework/src/Illuminate/Http/Middleware/HandleCors.php(74): Illuminate/Pipeline/Pipeline->Illuminate/Pipeline/{closure}(Object(Illuminate/Http/Request))
#18 C:/MAMP/htdocs/LARAVEL/vendor/laravel/framework/src/Illuminate/Pipeline/Pipeline.php(219): Illuminate/Http/Middleware/HandleCors->handle(Object(Illuminate/Http/Request), Object(Closure))
#19 C:/MAMP/htdocs/LARAVEL/vendor/laravel/framework/src/Illuminate/Pipeline/Pipeline.php(137): Illuminate/Pipeline/Pipeline->Illuminate/Pipeline/{closure}(Object(Illuminate/Http/Request))
#20 C:/MAMP/htdocs/LARAVEL/vendor/laravel/framework/src/Illuminate/Routing/Router.php(821): Illuminate/Pipeline/Pipeline->then(Object(Closure))
#21 C:/MAMP/htdocs/LARAVEL/vendor/laravel/framework/src/Illuminate/Routing/Router.php(800): Illuminate/Routing/Router->runRouteWithinStack(Object(Illuminate/Routing/Route), Object(Illuminate/Http/Request))
#22 C:/MAMP/htdocs/LARAVEL/vendor/laravel/framework/src/Illuminate/Routing/Router.php(764): Illuminate/Routing/Router->runRoute(Object(Illuminate/Http/Request), Object(Illuminate/Routing/Route))
#23 C:/MAMP/htdocs/LARAVEL/vendor/laravel/framework/src/Illuminate/Routing/Router.php(753): Illuminate/Routing/Router->dispatchToRoute(Object(Illuminate/Http/Request))
#24 C:/MAMP/htdocs/LARAVEL/vendor/laravel/framework/src/Illuminate/Foundation/Http/Kernel.php(200): Illuminate/Routing/Router->dispatch(Object(Illuminate/Http/Request))
#25 C:/MAMP/htdocs/LARAVEL/vendor/laravel/framework/src/Illuminate/Pipeline/Pipeline.php(180): Illuminate/Foundation/Http/Kernel->Illuminate/Foundation/Http/{closure}(Object(Illuminate/Http/Request))
#26 C:/MAMP/htdocs/LARAVEL/vendor/laravel/framework/src/Illuminate/Foundation/Http/Middleware/TransformsRequest.php(21): Illuminate/Pipeline/Pipeline->Illuminate/Pipeline/{closure}(Object(Illuminate/Http/Request))
#27 C:/MAMP/htdocs/LARAVEL/vendor/laravel/framework/src/Illuminate/Foundation/Http/Middleware/ConvertEmptyStringsToNull.php(31): Illuminate/Foundation/Http/Middleware/TransformsRequest->handle(Object(Illuminate/Http/Request), Object(Closure))
#28 C:/MAMP/htdocs/LARAVEL/vendor/laravel/framework/src/Illuminate/Pipeline/Pipeline.php(219): Illuminate/Foundation/Http/Middleware/ConvertEmptyStringsToNull->handle(Object(Illuminate/Http/Request), Object(Closure))
#29 C:/MAMP/htdocs/LARAVEL/vendor/laravel/framework/src/Illuminate/Foundation/Http/Middleware/TransformsRequest.php(21): Illuminate/Pipeline/Pipeline->Illuminate/Pipeline/{closure}(Object(Illuminate/Http/Request))
#30 C:/MAMP/htdocs/LARAVEL/vendor/laravel/framework/src/Illuminate/Foundation/Http/Middleware/TrimStrings.php(51): Illuminate/Foundation/Http/Middleware/TransformsRequest->handle(Object(Illuminate/Http/Request), Object(Closure))
#31 C:/MAMP/htdocs/LARAVEL/vendor/laravel/framework/src/Illuminate/Pipeline/Pipeline.php(219): Illuminate/Foundation/Http/Middleware/TrimStrings->handle(Object(Illuminate/Http/Request), Object(Closure))
#32 C:/MAMP/htdocs/LARAVEL/vendor/laravel/framework/src/Illuminate/Http/Middleware/ValidatePostSize.php(27): Illuminate/Pipeline/Pipeline->Illuminate/Pipeline/{closure}(Object(Illuminate/Http/Request))
#33 C:/MAMP/htdocs/LARAVEL/vendor/laravel/framework/src/Illuminate/Pipeline/Pipeline.php(219): Illuminate/Http/Middleware/ValidatePostSize->handle(Object(Illuminate/Http/Request), Object(Closure))
#34 C:/MAMP/htdocs/LARAVEL/vendor/laravel/framework/src/Illuminate/Foundation/Http/Middleware/PreventRequestsDuringMaintenance.php(109): Illuminate/Pipeline/Pipeline->Illuminate/Pipeline/{closure}(Object(Illuminate/Http/Request))
#35 C:/MAMP/htdocs/LARAVEL/vendor/laravel/framework/src/Illuminate/Pipeline/Pipeline.php(219): Illuminate/Foundation/Http/Middleware/PreventRequestsDuringMaintenance->handle(Object(Illuminate/Http/Request), Object(Closure))
#36 C:/MAMP/htdocs/LARAVEL/vendor/laravel/framework/src/Illuminate/Http/Middleware/HandleCors.php(74): Illuminate/Pipeline/Pipeline->Illuminate/Pipeline/{closure}(Object(Illuminate/Http/Request))
#37 C:/MAMP/htdocs/LARAVEL/vendor/laravel/framework/src/Illuminate/Pipeline/Pipeline.php(219): Illuminate/Http/Middleware/HandleCors->handle(Object(Illuminate/Http/Request), Object(Closure))
#38 C:/MAMP/htdocs/LARAVEL/vendor/laravel/framework/src/Illuminate/Http/Middleware/TrustProxies.php(58): Illuminate/Pipeline/Pipeline->Illuminate/Pipeline/{closure}(Object(Illuminate/Http/Request))
#39 C:/MAMP/htdocs/LARAVEL/vendor/laravel/framework/src/Illuminate/Pipeline/Pipeline.php(219): Illuminate/Http/Middleware/TrustProxies->handle(Object(Illuminate/Http/Request), Object(Closure))
#40 C:/MAMP/htdocs/LARAVEL/vendor/laravel/framework/src/Illuminate/Foundation/Http/Middleware/InvokeDeferredCallbacks.php(22): Illuminate/Pipeline/Pipeline->Illuminate/Pipeline/{closure}(Object(Illuminate/Http/Request))
#41 C:/MAMP/htdocs/LARAVEL/vendor/laravel/framework/src/Illuminate/Pipeline/Pipeline.php(219): Illuminate/Foundation/Http/Middleware/InvokeDeferredCallbacks->handle(Object(Illuminate/Http/Request), Object(Closure))
#42 C:/MAMP/htdocs/LARAVEL/vendor/laravel/framework/src/Illuminate/Http/Middleware/ValidatePathEncoding.php(28): Illuminate/Pipeline/Pipeline->Illuminate/Pipeline/{closure}(Object(Illuminate/Http/Request))
#43 C:/MAMP/htdocs/LARAVEL/vendor/laravel/framework/src/Illuminate/Pipeline/Pipeline.php(219): Illuminate/Http/Middleware/ValidatePathEncoding->handle(Object(Illuminate/Http/Request), Object(Closure))
#44 C:/MAMP/htdocs/LARAVEL/vendor/laravel/framework/src/Illuminate/Pipeline/Pipeline.php(137): Illuminate/Pipeline/Pipeline->Illuminate/Pipeline/{closure}(Object(Illuminate/Http/Request))
#45 C:/MAMP/htdocs/LARAVEL/vendor/laravel/framework/src/Illuminate/Foundation/Http/Kernel.php(175): Illuminate/Pipeline/Pipeline->then(Object(Closure))
#46 C:/MAMP/htdocs/LARAVEL/vendor/laravel/framework/src/Illuminate/Foundation/Http/Kernel.php(144): Illuminate/Foundation/Http/Kernel->sendRequestThroughRouter(Object(Illuminate/Http/Request))
#47 C:/MAMP/htdocs/LARAVEL/vendor/laravel/framework/src/Illuminate/Foundation/Application.php(1220): Illuminate/Foundation/Http/Kernel->handle(Object(Illuminate/Http/Request))
#48 C:/MAMP/htdocs/LARAVEL/public/index.php(20): Illuminate/Foundation/Application->handleRequest(Object(Illuminate/Http/Request))
#49 {main}

[previous exception] [object] (PDOException(code: 2002): SQLSTATE[HY000] [2002] No connection could be made because the target machine actively refused it at C:/MAMP/htdocs/LARAVEL/vendor/laravel/framework/src/Illuminate/Database/Connectors/Connector.php:66)
[stacktrace]
#0 C:/MAMP/htdocs/LARAVEL/vendor/laravel/framework/src/Illuminate/Database/Connectors/Connector.php(66): PDO->__construct('mysql:host=127....', 'root', Object(SensitiveParameterValue), Array)
#1 C:/MAMP/htdocs/LARAVEL/vendor/laravel/framework/src/Illuminate/Database/Connectors/Connector.php(85): Illuminate/Database/Connectors/Connector->createPdoConnection('mysql:host=127....', 'root', Object(SensitiveParameterValue), Array)
#2 C:/MAMP/htdocs/LARAVEL/vendor/laravel/framework/src/Illuminate/Database/Connectors/Connector.php(48): Illuminate/Database/Connectors/Connector->tryAgainIfCausedByLostConnection(Object(PDOException), 'mysql:host=127....', 'root', Object(SensitiveParameterValue), Array)
#3 C:/MAMP/htdocs/LARAVEL/vendor/laravel/framework/src/Illuminate/Database/Connectors/MySqlConnector.php(24): Illuminate/Database/Connectors/Connector->createConnection('mysql:host=127....', Array, Array)
#4 C:/MAMP/htdocs/LARAVEL/vendor/laravel/framework/src/Illuminate/Database/Connectors/ConnectionFactory.php(186): Illuminate/Database/Connectors/MySqlConnector->connect(Array)
#5 [internal function]: Illuminate/Database/Connectors/ConnectionFactory->Illuminate/Database/Connectors/{closure}()
#6 C:/MAMP/htdocs/LARAVEL/vendor/laravel/framework/src/Illuminate/Database/Connection.php(1279): call_user_func(Object(Closure))
#7 C:/MAMP/htdocs/LARAVEL/vendor/laravel/framework/src/Illuminate/Database/Connection.php(1317): Illuminate/Database/Connection->getPdo()
#8 C:/MAMP/htdocs/LARAVEL/vendor/laravel/framework/src/Illuminate/Database/Connection.php(528): Illuminate/Database/Connection->getReadPdo()
#9 C:/MAMP/htdocs/LARAVEL/vendor/laravel/framework/src/Illuminate/Database/Connection.php(421): Illuminate/Database/Connection->getPdoForSelect(true)
#10 C:/MAMP/htdocs/LARAVEL/vendor/laravel/framework/src/Illuminate/Database/Connection.php(830): Illuminate/Database/Connection->Illuminate/Database/{closure}('select * from `...', Array)
#11 C:/MAMP/htdocs/LARAVEL/vendor/laravel/framework/src/Illuminate/Database/Connection.php(1021): Illuminate/Database/Connection->runQueryCallback('select * from `...', Array, Object(Closure))
#12 C:/MAMP/htdocs/LARAVEL/vendor/laravel/framework/src/Illuminate/Database/Connection.php(1000): Illuminate/Database/Connection->tryAgainIfCausedByLostConnection(Object(Illuminate/Database/QueryException), 'select * from `...', Array, Object(Closure))
#13 C:/MAMP/htdocs/LARAVEL/vendor/laravel/framework/src/Illuminate/Database/Connection.php(799): Illuminate/Database/Connection->handleQueryException(Object(Illuminate/Database/QueryException), 'select * from `...', Array, Object(Closure))
#14 C:/MAMP/htdocs/LARAVEL/vendor/laravel/framework/src/Illuminate/Database/Connection.php(412): Illuminate/Database/Connection->run('select * from `...', Array, Object(Closure))
#15 C:/MAMP/htdocs/LARAVEL/vendor/laravel/framework/src/Illuminate/Database/Query/Builder.php(3562): Illuminate/Database/Connection->select('select * from `...', Array, true, Array)
#16 C:/MAMP/htdocs/LARAVEL/vendor/laravel/framework/src/Illuminate/Database/Query/Builder.php(3546): Illuminate/Database/Query/Builder->runSelect()
#17 C:/MAMP/htdocs/LARAVEL/vendor/laravel/framework/src/Illuminate/Database/Eloquent/Builder.php(907): Illuminate/Database/Query/Builder->get(Array)
#18 C:/MAMP/htdocs/LARAVEL/vendor/laravel/framework/src/Illuminate/Database/Eloquent/Builder.php(889): Illuminate/Database/Eloquent/Builder->getModels(Array)
#19 C:/MAMP/htdocs/LARAVEL/vendor/laravel/framework/src/Illuminate/Database/Concerns/BuildsQueries.php(367): Illuminate/Database/Eloquent/Builder->get(Array)
#20 C:/MAMP/htdocs/LARAVEL/app/Http/Controllers/AuthController.php(22): Illuminate/Database/Eloquent/Builder->first()
#21 C:/MAMP/htdocs/LARAVEL/vendor/laravel/framework/src/Illuminate/Routing/ControllerDispatcher.php(46): App/Http/Controllers/AuthController->register(Object(Illuminate/Http/Request))
#22 C:/MAMP/htdocs/LARAVEL/vendor/laravel/framework/src/Illuminate/Routing/Route.php(269): Illuminate/Routing/ControllerDispatcher->dispatch(Object(Illuminate/Routing/Route), Object(App/Http/Controllers/AuthController), 'register')
#23 C:/MAMP/htdocs/LARAVEL/vendor/laravel/framework/src/Illuminate/Routing/Route.php(215): Illuminate/Routing/Route->runController()
#24 C:/MAMP/htdocs/LARAVEL/vendor/laravel/framework/src/Illuminate/Routing/Router.php(822): Illuminate/Routing/Route->run()
#25 C:/MAMP/htdocs/LARAVEL/vendor/laravel/framework/src/Illuminate/Pipeline/Pipeline.php(180): Illuminate/Routing/Router->Illuminate/Routing/{closure}(Object(Illuminate/Http/Request))
#26 C:/MAMP/htdocs/LARAVEL/vendor/laravel/framework/src/Illuminate/Routing/Middleware/SubstituteBindings.php(52): Illuminate/Pipeline/Pipeline->Illuminate/Pipeline/{closure}(Object(Illuminate/Http/Request))
#27 C:/MAMP/htdocs/LARAVEL/vendor/laravel/framework/src/Illuminate/Pipeline/Pipeline.php(219): Illuminate/Routing/Middleware/SubstituteBindings->handle(Object(Illuminate/Http/Request), Object(Closure))
#28 C:/MAMP/htdocs/LARAVEL/vendor/laravel/framework/src/Illuminate/Http/Middleware/HandleCors.php(74): Illuminate/Pipeline/Pipeline->Illuminate/Pipeline/{closure}(Object(Illuminate/Http/Request))
#29 C:/MAMP/htdocs/LARAVEL/vendor/laravel/framework/src/Illuminate/Pipeline/Pipeline.php(219): Illuminate/Http/Middleware/HandleCors->handle(Object(Illuminate/Http/Request), Object(Closure))
#30 C:/MAMP/htdocs/LARAVEL/vendor/laravel/framework/src/Illuminate/Pipeline/Pipeline.php(137): Illuminate/Pipeline/Pipeline->Illuminate/Pipeline/{closure}(Object(Illuminate/Http/Request))
#31 C:/MAMP/htdocs/LARAVEL/vendor/laravel/framework/src/Illuminate/Routing/Router.php(821): Illuminate/Pipeline/Pipeline->then(Object(Closure))
#32 C:/MAMP/htdocs/LARAVEL/vendor/laravel/framework/src/Illuminate/Routing/Router.php(800): Illuminate/Routing/Router->runRouteWithinStack(Object(Illuminate/Routing/Route), Object(Illuminate/Http/Request))
#33 C:/MAMP/htdocs/LARAVEL/vendor/laravel/framework/src/Illuminate/Routing/Router.php(764): Illuminate/Routing/Router->runRoute(Object(Illuminate/Http/Request), Object(Illuminate/Routing/Route))
#34 C:/MAMP/htdocs/LARAVEL/vendor/laravel/framework/src/Illuminate/Routing/Router.php(753): Illuminate/Routing/Router->dispatchToRoute(Object(Illuminate/Http/Request))
#35 C:/MAMP/htdocs/LARAVEL/vendor/laravel/framework/src/Illuminate/Foundation/Http/Kernel.php(200): Illuminate/Routing/Router->dispatch(Object(Illuminate/Http/Request))
#36 C:/MAMP/htdocs/LARAVEL/vendor/laravel/framework/src/Illuminate/Pipeline/Pipeline.php(180): Illuminate/Foundation/Http/Kernel->Illuminate/Foundation/Http/{closure}(Object(Illuminate/Http/Request))
#37 C:/MAMP/htdocs/LARAVEL/vendor/laravel/framework/src/Illuminate/Foundation/Http/Middleware/TransformsRequest.php(21): Illuminate/Pipeline/Pipeline->Illuminate/Pipeline/{closure}(Object(Illuminate/Http/Request))
#38 C:/MAMP/htdocs/LARAVEL/vendor/laravel/framework/src/Illuminate/Foundation/Http/Middleware/ConvertEmptyStringsToNull.php(31): Illuminate/Foundation/Http/Middleware/TransformsRequest->handle(Object(Illuminate/Http/Request), Object(Closure))
#39 C:/MAMP/htdocs/LARAVEL/vendor/laravel/framework/src/Illuminate/Pipeline/Pipeline.php(219): Illuminate/Foundation/Http/Middleware/ConvertEmptyStringsToNull->handle(Object(Illuminate/Http/Request), Object(Closure))
#40 C:/MAMP/htdocs/LARAVEL/vendor/laravel/framework/src/Illuminate/Foundation/Http/Middleware/TransformsRequest.php(21): Illuminate/Pipeline/Pipeline->Illuminate/Pipeline/{closure}(Object(Illuminate/Http/Request))
#41 C:/MAMP/htdocs/LARAVEL/vendor/laravel/framework/src/Illuminate/Foundation/Http/Middleware/TrimStrings.php(51): Illuminate/Foundation/Http/Middleware/TransformsRequest->handle(Object(Illuminate/Http/Request), Object(Closure))
#42 C:/MAMP/htdocs/LARAVEL/vendor/laravel/framework/src/Illuminate/Pipeline/Pipeline.php(219): Illuminate/Foundation/Http/Middleware/TrimStrings->handle(Object(Illuminate/Http/Request), Object(Closure))
#43 C:/MAMP/htdocs/LARAVEL/vendor/laravel/framework/src/Illuminate/Http/Middleware/ValidatePostSize.php(27): Illuminate/Pipeline/Pipeline->Illuminate/Pipeline/{closure}(Object(Illuminate/Http/Request))
#44 C:/MAMP/htdocs/LARAVEL/vendor/laravel/framework/src/Illuminate/Pipeline/Pipeline.php(219): Illuminate/Http/Middleware/ValidatePostSize->handle(Object(Illuminate/Http/Request), Object(Closure))
#45 C:/MAMP/htdocs/LARAVEL/vendor/laravel/framework/src/Illuminate/Foundation/Http/Middleware/PreventRequestsDuringMaintenance.php(109): Illuminate/Pipeline/Pipeline->Illuminate/Pipeline/{closure}(Object(Illuminate/Http/Request))
#46 C:/MAMP/htdocs/LARAVEL/vendor/laravel/framework/src/Illuminate/Pipeline/Pipeline.php(219): Illuminate/Foundation/Http/Middleware/PreventRequestsDuringMaintenance->handle(Object(Illuminate/Http/Request), Object(Closure))
#47 C:/MAMP/htdocs/LARAVEL/vendor/laravel/framework/src/Illuminate/Http/Middleware/HandleCors.php(74): Illuminate/Pipeline/Pipeline->Illuminate/Pipeline/{closure}(Object(Illuminate/Http/Request))
#48 C:/MAMP/htdocs/LARAVEL/vendor/laravel/framework/src/Illuminate/Pipeline/Pipeline.php(219): Illuminate/Http/Middleware/HandleCors->handle(Object(Illuminate/Http/Request), Object(Closure))
#49 C:/MAMP/htdocs/LARAVEL/vendor/laravel/framework/src/Illuminate/Http/Middleware/TrustProxies.php(58): Illuminate/Pipeline/Pipeline->Illuminate/Pipeline/{closure}(Object(Illuminate/Http/Request))
#50 C:/MAMP/htdocs/LARAVEL/vendor/laravel/framework/src/Illuminate/Pipeline/Pipeline.php(219): Illuminate/Http/Middleware/TrustProxies->handle(Object(Illuminate/Http/Request), Object(Closure))
#51 C:/MAMP/htdocs/LARAVEL/vendor/laravel/framework/src/Illuminate/Foundation/Http/Middleware/InvokeDeferredCallbacks.php(22): Illuminate/Pipeline/Pipeline->Illuminate/Pipeline/{closure}(Object(Illuminate/Http/Request))
#52 C:/MAMP/htdocs/LARAVEL/vendor/laravel/framework/src/Illuminate/Pipeline/Pipeline.php(219): Illuminate/Foundation/Http/Middleware/InvokeDeferredCallbacks->handle(Object(Illuminate/Http/Request), Object(Closure))
#53 C:/MAMP/htdocs/LARAVEL/vendor/laravel/framework/src/Illuminate/Http/Middleware/ValidatePathEncoding.php(28): Illuminate/Pipeline/Pipeline->Illuminate/Pipeline/{closure}(Object(Illuminate/Http/Request))
#54 C:/MAMP/htdocs/LARAVEL/vendor/laravel/framework/src/Illuminate/Pipeline/Pipeline.php(219): Illuminate/Http/Middleware/ValidatePathEncoding->handle(Object(Illuminate/Http/Request), Object(Closure))
#55 C:/MAMP/htdocs/LARAVEL/vendor/laravel/framework/src/Illuminate/Pipeline/Pipeline.php(137): Illuminate/Pipeline/Pipeline->Illuminate/Pipeline/{closure}(Object(Illuminate/Http/Request))
#56 C:/MAMP/htdocs/LARAVEL/vendor/laravel/framework/src/Illuminate/Foundation/Http/Kernel.php(175): Illuminate/Pipeline/Pipeline->then(Object(Closure))
#57 C:/MAMP/htdocs/LARAVEL/vendor/laravel/framework/src/Illuminate/Foundation/Http/Kernel.php(144): Illuminate/Foundation/Http/Kernel->sendRequestThroughRouter(Object(Illuminate/Http/Request))
#58 C:/MAMP/htdocs/LARAVEL/vendor/laravel/framework/src/Illuminate/Foundation/Application.php(1220): Illuminate/Foundation/Http/Kernel->handle(Object(Illuminate/Http/Request))
#59 C:/MAMP/htdocs/LARAVEL/public/index.php(20): Illuminate/Foundation/Application->handleRequest(Object(Illuminate/Http/Request))
#60 {main}
"} 
[2026-04-13 09:44:38] local.ERROR: SQLSTATE[HY000] [1045] Access denied for user 'root'@'localhost' (using password: NO) (Connection: mysql, Host: 127.0.0.1, Port: 3306, Database: bag, SQL: select * from `users` where `email` = test@test.com or `username` = testuser limit 1) {"exception":"[object] (Illuminate\\Database\\QueryException(code: 1045): SQLSTATE[HY000] [1045] Access denied for user 'root'@'localhost' (using password: NO) (Connection: mysql, Host: 127.0.0.1, Port: 3306, Database: bag, SQL: select * from `users` where `email` = test@test.com or `username` = testuser limit 1) at C:/MAMP/htdocs/LARAVEL/vendor/laravel/framework/src/Illuminate/Database/Connection.php:841)
[stacktrace]
#0 C:/MAMP/htdocs/LARAVEL/vendor/laravel/framework/src/Illuminate/Database/Connection.php(1021): Illuminate/Database/Connection->runQueryCallback('select * from `...', Array, Object(Closure))
#1 C:/MAMP/htdocs/LARAVEL/vendor/laravel/framework/src/Illuminate/Database/Connection.php(1000): Illuminate/Database/Connection->tryAgainIfCausedByLostConnection(Object(Illuminate/Database/QueryException), 'select * from `...', Array, Object(Closure))
#2 C:/MAMP/htdocs/LARAVEL/vendor/laravel/framework/src/Illuminate/Database/Connection.php(799): Illuminate/Database/Connection->handleQueryException(Object(Illuminate/Database/QueryException), 'select * from `...', Array, Object(Closure))
#3 C:/MAMP/htdocs/LARAVEL/vendor/laravel/framework/src/Illuminate/Database/Connection.php(412): Illuminate/Database/Connection->run('select * from `...', Array, Object(Closure))
#4 C:/MAMP/htdocs/LARAVEL/vendor/laravel/framework/src/Illuminate/Database/Query/Builder.php(3562): Illuminate/Database/Connection->select('select * from `...', Array, true, Array)
#5 C:/MAMP/htdocs/LARAVEL/vendor/laravel/framework/src/Illuminate/Database/Query/Builder.php(3546): Illuminate/Database/Query/Builder->runSelect()
#6 C:/MAMP/htdocs/LARAVEL/vendor/laravel/framework/src/Illuminate/Database/Eloquent/Builder.php(907): Illuminate/Database/Query/Builder->get(Array)
#7 C:/MAMP/htdocs/LARAVEL/vendor/laravel/framework/src/Illuminate/Database/Eloquent/Builder.php(889): Illuminate/Database/Eloquent/Builder->getModels(Array)
#8 C:/MAMP/htdocs/LARAVEL/vendor/laravel/framework/src/Illuminate/Database/Concerns/BuildsQueries.php(367): Illuminate/Database/Eloquent/Builder->get(Array)
#9 C:/MAMP/htdocs/LARAVEL/app/Http/Controllers/AuthController.php(22): Illuminate/Database/Eloquent/Builder->first()
#10 C:/MAMP/htdocs/LARAVEL/vendor/laravel/framework/src/Illuminate/Routing/ControllerDispatcher.php(46): App/Http/Controllers/AuthController->register(Object(Illuminate/Http/Request))
#11 C:/MAMP/htdocs/LARAVEL/vendor/laravel/framework/src/Illuminate/Routing/Route.php(269): Illuminate/Routing/ControllerDispatcher->dispatch(Object(Illuminate/Routing/Route), Object(App/Http/Controllers/AuthController), 'register')
#12 C:/MAMP/htdocs/LARAVEL/vendor/laravel/framework/src/Illuminate/Routing/Route.php(215): Illuminate/Routing/Route->runController()
#13 C:/MAMP/htdocs/LARAVEL/vendor/laravel/framework/src/Illuminate/Routing/Router.php(822): Illuminate/Routing/Route->run()
#14 C:/MAMP/htdocs/LARAVEL/vendor/laravel/framework/src/Illuminate/Pipeline/Pipeline.php(180): Illuminate/Routing/Router->Illuminate/Routing/{closure}(Object(Illuminate/Http/Request))
#15 C:/MAMP/htdocs/LARAVEL/vendor/laravel/framework/src/Illuminate/Routing/Middleware/SubstituteBindings.php(52): Illuminate/Pipeline/Pipeline->Illuminate/Pipeline/{closure}(Object(Illuminate/Http/Request))
#16 C:/MAMP/htdocs/LARAVEL/vendor/laravel/framework/src/Illuminate/Pipeline/Pipeline.php(219): Illuminate/Routing/Middleware/SubstituteBindings->handle(Object(Illuminate/Http/Request), Object(Closure))
#17 C:/MAMP/htdocs/LARAVEL/vendor/laravel/framework/src/Illuminate/Http/Middleware/HandleCors.php(74): Illuminate/Pipeline/Pipeline->Illuminate/Pipeline/{closure}(Object(Illuminate/Http/Request))
#18 C:/MAMP/htdocs/LARAVEL/vendor/laravel/framework/src/Illuminate/Pipeline/Pipeline.php(219): Illuminate/Http/Middleware/HandleCors->handle(Object(Illuminate/Http/Request), Object(Closure))
#19 C:/MAMP/htdocs/LARAVEL/vendor/laravel/framework/src/Illuminate/Pipeline/Pipeline.php(137): Illuminate/Pipeline/Pipeline->Illuminate/Pipeline/{closure}(Object(Illuminate/Http/Request))
#20 C:/MAMP/htdocs/LARAVEL/vendor/laravel/framework/src/Illuminate/Routing/Router.php(821): Illuminate/Pipeline/Pipeline->then(Object(Closure))
#21 C:/MAMP/htdocs/LARAVEL/vendor/laravel/framework/src/Illuminate/Routing/Router.php(800): Illuminate/Routing/Router->runRouteWithinStack(Object(Illuminate/Routing/Route), Object(Illuminate/Http/Request))
#22 C:/MAMP/htdocs/LARAVEL/vendor/laravel/framework/src/Illuminate/Routing/Router.php(764): Illuminate/Routing/Router->runRoute(Object(Illuminate/Http/Request), Object(Illuminate/Routing/Route))
#23 C:/MAMP/htdocs/LARAVEL/vendor/laravel/framework/src/Illuminate/Routing/Router.php(753): Illuminate/Routing/Router->dispatchToRoute(Object(Illuminate/Http/Request))
#24 C:/MAMP/htdocs/LARAVEL/vendor/laravel/framework/src/Illuminate/Foundation/Http/Kernel.php(200): Illuminate/Routing/Router->dispatch(Object(Illuminate/Http/Request))
#25 C:/MAMP/htdocs/LARAVEL/vendor/laravel/framework/src/Illuminate/Pipeline/Pipeline.php(180): Illuminate/Foundation/Http/Kernel->Illuminate/Foundation/Http/{closure}(Object(Illuminate/Http/Request))
#26 C:/MAMP/htdocs/LARAVEL/vendor/laravel/framework/src/Illuminate/Foundation/Http/Middleware/TransformsRequest.php(21): Illuminate/Pipeline/Pipeline->Illuminate/Pipeline/{closure}(Object(Illuminate/Http/Request))
#27 C:/MAMP/htdocs/LARAVEL/vendor/laravel/framework/src/Illuminate/Foundation/Http/Middleware/ConvertEmptyStringsToNull.php(31): Illuminate/Foundation/Http/Middleware/TransformsRequest->handle(Object(Illuminate/Http/Request), Object(Closure))
#28 C:/MAMP/htdocs/LARAVEL/vendor/laravel/framework/src/Illuminate/Pipeline/Pipeline.php(219): Illuminate/Foundation/Http/Middleware/ConvertEmptyStringsToNull->handle(Object(Illuminate/Http/Request), Object(Closure))
#29 C:/MAMP/htdocs/LARAVEL/vendor/laravel/framework/src/Illuminate/Foundation/Http/Middleware/TransformsRequest.php(21): Illuminate/Pipeline/Pipeline->Illuminate/Pipeline/{closure}(Object(Illuminate/Http/Request))
#30 C:/MAMP/htdocs/LARAVEL/vendor/laravel/framework/src/Illuminate/Foundation/Http/Middleware/TrimStrings.php(51): Illuminate/Foundation/Http/Middleware/TransformsRequest->handle(Object(Illuminate/Http/Request), Object(Closure))
#31 C:/MAMP/htdocs/LARAVEL/vendor/laravel/framework/src/Illuminate/Pipeline/Pipeline.php(219): Illuminate/Foundation/Http/Middleware/TrimStrings->handle(Object(Illuminate/Http/Request), Object(Closure))
#32 C:/MAMP/htdocs/LARAVEL/vendor/laravel/framework/src/Illuminate/Http/Middleware/ValidatePostSize.php(27): Illuminate/Pipeline/Pipeline->Illuminate/Pipeline/{closure}(Object(Illuminate/Http/Request))
#33 C:/MAMP/htdocs/LARAVEL/vendor/laravel/framework/src/Illuminate/Pipeline/Pipeline.php(219): Illuminate/Http/Middleware/ValidatePostSize->handle(Object(Illuminate/Http/Request), Object(Closure))
#34 C:/MAMP/htdocs/LARAVEL/vendor/laravel/framework/src/Illuminate/Foundation/Http/Middleware/PreventRequestsDuringMaintenance.php(109): Illuminate/Pipeline/Pipeline->Illuminate/Pipeline/{closure}(Object(Illuminate/Http/Request))
#35 C:/MAMP/htdocs/LARAVEL/vendor/laravel/framework/src/Illuminate/Pipeline/Pipeline.php(219): Illuminate/Foundation/Http/Middleware/PreventRequestsDuringMaintenance->handle(Object(Illuminate/Http/Request), Object(Closure))
#36 C:/MAMP/htdocs/LARAVEL/vendor/laravel/framework/src/Illuminate/Http/Middleware/HandleCors.php(74): Illuminate/Pipeline/Pipeline->Illuminate/Pipeline/{closure}(Object(Illuminate/Http/Request))
#37 C:/MAMP/htdocs/LARAVEL/vendor/laravel/framework/src/Illuminate/Pipeline/Pipeline.php(219): Illuminate/Http/Middleware/HandleCors->handle(Object(Illuminate/Http/Request), Object(Closure))
#38 C:/MAMP/htdocs/LARAVEL/vendor/laravel/framework/src/Illuminate/Http/Middleware/TrustProxies.php(58): Illuminate/Pipeline/Pipeline->Illuminate/Pipeline/{closure}(Object(Illuminate/Http/Request))
#39 C:/MAMP/htdocs/LARAVEL/vendor/laravel/framework/src/Illuminate/Pipeline/Pipeline.php(219): Illuminate/Http/Middleware/TrustProxies->handle(Object(Illuminate/Http/Request), Object(Closure))
#40 C:/MAMP/htdocs/LARAVEL/vendor/laravel/framework/src/Illuminate/Foundation/Http/Middleware/InvokeDeferredCallbacks.php(22): Illuminate/Pipeline/Pipeline->Illuminate/Pipeline/{closure}(Object(Illuminate/Http/Request))
#41 C:/MAMP/htdocs/LARAVEL/vendor/laravel/framework/src/Illuminate/Pipeline/Pipeline.php(219): Illuminate/Foundation/Http/Middleware/InvokeDeferredCallbacks->handle(Object(Illuminate/Http/Request), Object(Closure))
#42 C:/MAMP/htdocs/LARAVEL/vendor/laravel/framework/src/Illuminate/Http/Middleware/ValidatePathEncoding.php(28): Illuminate/Pipeline/Pipeline->Illuminate/Pipeline/{closure}(Object(Illuminate/Http/Request))
#43 C:/MAMP/htdocs/LARAVEL/vendor/laravel/framework/src/Illuminate/Pipeline/Pipeline.php(219): Illuminate/Http/Middleware/ValidatePathEncoding->handle(Object(Illuminate/Http/Request), Object(Closure))
#44 C:/MAMP/htdocs/LARAVEL/vendor/laravel/framework/src/Illuminate/Pipeline/Pipeline.php(137): Illuminate/Pipeline/Pipeline->Illuminate/Pipeline/{closure}(Object(Illuminate/Http/Request))
#45 C:/MAMP/htdocs/LARAVEL/vendor/laravel/framework/src/Illuminate/Foundation/Http/Kernel.php(175): Illuminate/Pipeline/Pipeline->then(Object(Closure))
#46 C:/MAMP/htdocs/LARAVEL/vendor/laravel/framework/src/Illuminate/Foundation/Http/Kernel.php(144): Illuminate/Foundation/Http/Kernel->sendRequestThroughRouter(Object(Illuminate/Http/Request))
#47 C:/MAMP/htdocs/LARAVEL/vendor/laravel/framework/src/Illuminate/Foundation/Application.php(1220): Illuminate/Foundation/Http/Kernel->handle(Object(Illuminate/Http/Request))
#48 C:/MAMP/htdocs/LARAVEL/public/index.php(20): Illuminate/Foundation/Application->handleRequest(Object(Illuminate/Http/Request))
#49 {main}

[previous exception] [object] (PDOException(code: 1045): SQLSTATE[HY000] [1045] Access denied for user 'root'@'localhost' (using password: NO) at C:/MAMP/htdocs/LARAVEL/vendor/laravel/framework/src/Illuminate/Database/Connectors/Connector.php:66)
[stacktrace]
#0 C:/MAMP/htdocs/LARAVEL/vendor/laravel/framework/src/Illuminate/Database/Connectors/Connector.php(66): PDO->__construct('mysql:host=127....', 'root', Object(SensitiveParameterValue), Array)
#1 C:/MAMP/htdocs/LARAVEL/vendor/laravel/framework/src/Illuminate/Database/Connectors/Connector.php(85): Illuminate/Database/Connectors/Connector->createPdoConnection('mysql:host=127....', 'root', Object(SensitiveParameterValue), Array)
#2 C:/MAMP/htdocs/LARAVEL/vendor/laravel/framework/src/Illuminate/Database/Connectors/Connector.php(48): Illuminate/Database/Connectors/Connector->tryAgainIfCausedByLostConnection(Object(PDOException), 'mysql:host=127....', 'root', Object(SensitiveParameterValue), Array)
#3 C:/MAMP/htdocs/LARAVEL/vendor/laravel/framework/src/Illuminate/Database/Connectors/MySqlConnector.php(24): Illuminate/Database/Connectors/Connector->createConnection('mysql:host=127....', Array, Array)
#4 C:/MAMP/htdocs/LARAVEL/vendor/laravel/framework/src/Illuminate/Database/Connectors/ConnectionFactory.php(186): Illuminate/Database/Connectors/MySqlConnector->connect(Array)
#5 [internal function]: Illuminate/Database/Connectors/ConnectionFactory->Illuminate/Database/Connectors/{closure}()
#6 C:/MAMP/htdocs/LARAVEL/vendor/laravel/framework/src/Illuminate/Database/Connection.php(1279): call_user_func(Object(Closure))
#7 C:/MAMP/htdocs/LARAVEL/vendor/laravel/framework/src/Illuminate/Database/Connection.php(1317): Illuminate/Database/Connection->getPdo()
#8 C:/MAMP/htdocs/LARAVEL/vendor/laravel/framework/src/Illuminate/Database/Connection.php(528): Illuminate/Database/Connection->getReadPdo()
#9 C:/MAMP/htdocs/LARAVEL/vendor/laravel/framework/src/Illuminate/Database/Connection.php(421): Illuminate/Database/Connection->getPdoForSelect(true)
#10 C:/MAMP/htdocs/LARAVEL/vendor/laravel/framework/src/Illuminate/Database/Connection.php(830): Illuminate/Database/Connection->Illuminate/Database/{closure}('select * from `...', Array)
#11 C:/MAMP/htdocs/LARAVEL/vendor/laravel/framework/src/Illuminate/Database/Connection.php(1021): Illuminate/Database/Connection->runQueryCallback('select * from `...', Array, Object(Closure))
#12 C:/MAMP/htdocs/LARAVEL/vendor/laravel/framework/src/Illuminate/Database/Connection.php(1000): Illuminate/Database/Connection->tryAgainIfCausedByLostConnection(Object(Illuminate/Database/QueryException), 'select * from `...', Array, Object(Closure))
#13 C:/MAMP/htdocs/LARAVEL/vendor/laravel/framework/src/Illuminate/Database/Connection.php(799): Illuminate/Database/Connection->handleQueryException(Object(Illuminate/Database/QueryException), 'select * from `...', Array, Object(Closure))
#14 C:/MAMP/htdocs/LARAVEL/vendor/laravel/framework/src/Illuminate/Database/Connection.php(412): Illuminate/Database/Connection->run('select * from `...', Array, Object(Closure))
#15 C:/MAMP/htdocs/LARAVEL/vendor/laravel/framework/src/Illuminate/Database/Query/Builder.php(3562): Illuminate/Database/Connection->select('select * from `...', Array, true, Array)
#16 C:/MAMP/htdocs/LARAVEL/vendor/laravel/framework/src/Illuminate/Database/Query/Builder.php(3546): Illuminate/Database/Query/Builder->runSelect()
#17 C:/MAMP/htdocs/LARAVEL/vendor/laravel/framework/src/Illuminate/Database/Eloquent/Builder.php(907): Illuminate/Database/Query/Builder->get(Array)
#18 C:/MAMP/htdocs/LARAVEL/vendor/laravel/framework/src/Illuminate/Database/Eloquent/Builder.php(889): Illuminate/Database/Eloquent/Builder->getModels(Array)
#19 C:/MAMP/htdocs/LARAVEL/vendor/laravel/framework/src/Illuminate/Database/Concerns/BuildsQueries.php(367): Illuminate/Database/Eloquent/Builder->get(Array)
#20 C:/MAMP/htdocs/LARAVEL/app/Http/Controllers/AuthController.php(22): Illuminate/Database/Eloquent/Builder->first()
#21 C:/MAMP/htdocs/LARAVEL/vendor/laravel/framework/src/Illuminate/Routing/ControllerDispatcher.php(46): App/Http/Controllers/AuthController->register(Object(Illuminate/Http/Request))
#22 C:/MAMP/htdocs/LARAVEL/vendor/laravel/framework/src/Illuminate/Routing/Route.php(269): Illuminate/Routing/ControllerDispatcher->dispatch(Object(Illuminate/Routing/Route), Object(App/Http/Controllers/AuthController), 'register')
#23 C:/MAMP/htdocs/LARAVEL/vendor/laravel/framework/src/Illuminate/Routing/Route.php(215): Illuminate/Routing/Route->runController()
#24 C:/MAMP/htdocs/LARAVEL/vendor/laravel/framework/src/Illuminate/Routing/Router.php(822): Illuminate/Routing/Route->run()
#25 C:/MAMP/htdocs/LARAVEL/vendor/laravel/framework/src/Illuminate/Pipeline/Pipeline.php(180): Illuminate/Routing/Router->Illuminate/Routing/{closure}(Object(Illuminate/Http/Request))
#26 C:/MAMP/htdocs/LARAVEL/vendor/laravel/framework/src/Illuminate/Routing/Middleware/SubstituteBindings.php(52): Illuminate/Pipeline/Pipeline->Illuminate/Pipeline/{closure}(Object(Illuminate/Http/Request))
#27 C:/MAMP/htdocs/LARAVEL/vendor/laravel/framework/src/Illuminate/Pipeline/Pipeline.php(219): Illuminate/Routing/Middleware/SubstituteBindings->handle(Object(Illuminate/Http/Request), Object(Closure))
#28 C:/MAMP/htdocs/LARAVEL/vendor/laravel/framework/src/Illuminate/Http/Middleware/HandleCors.php(74): Illuminate/Pipeline/Pipeline->Illuminate/Pipeline/{closure}(Object(Illuminate/Http/Request))
#29 C:/MAMP/htdocs/LARAVEL/vendor/laravel/framework/src/Illuminate/Pipeline/Pipeline.php(219): Illuminate/Http/Middleware/HandleCors->handle(Object(Illuminate/Http/Request), Object(Closure))
#30 C:/MAMP/htdocs/LARAVEL/vendor/laravel/framework/src/Illuminate/Pipeline/Pipeline.php(137): Illuminate/Pipeline/Pipeline->Illuminate/Pipeline/{closure}(Object(Illuminate/Http/Request))
#31 C:/MAMP/htdocs/LARAVEL/vendor/laravel/framework/src/Illuminate/Routing/Router.php(821): Illuminate/Pipeline/Pipeline->then(Object(Closure))
#32 C:/MAMP/htdocs/LARAVEL/vendor/laravel/framework/src/Illuminate/Routing/Router.php(800): Illuminate/Routing/Router->runRouteWithinStack(Object(Illuminate/Routing/Route), Object(Illuminate/Http/Request))
#33 C:/MAMP/htdocs/LARAVEL/vendor/laravel/framework/src/Illuminate/Routing/Router.php(764): Illuminate/Routing/Router->runRoute(Object(Illuminate/Http/Request), Object(Illuminate/Routing/Route))
#34 C:/MAMP/htdocs/LARAVEL/vendor/laravel/framework/src/Illuminate/Routing/Router.php(753): Illuminate/Routing/Router->dispatchToRoute(Object(Illuminate/Http/Request))
#35 C:/MAMP/htdocs/LARAVEL/vendor/laravel/framework/src/Illuminate/Foundation/Http/Kernel.php(200): Illuminate/Routing/Router->dispatch(Object(Illuminate/Http/Request))
#36 C:/MAMP/htdocs/LARAVEL/vendor/laravel/framework/src/Illuminate/Pipeline/Pipeline.php(180): Illuminate/Foundation/Http/Kernel->Illuminate/Foundation/Http/{closure}(Object(Illuminate/Http/Request))
#37 C:/MAMP/htdocs/LARAVEL/vendor/laravel/framework/src/Illuminate/Foundation/Http/Middleware/TransformsRequest.php(21): Illuminate/Pipeline/Pipeline->Illuminate/Pipeline/{closure}(Object(Illuminate/Http/Request))
#38 C:/MAMP/htdocs/LARAVEL/vendor/laravel/framework/src/Illuminate/Foundation/Http/Middleware/ConvertEmptyStringsToNull.php(31): Illuminate/Foundation/Http/Middleware/TransformsRequest->handle(Object(Illuminate/Http/Request), Object(Closure))
#39 C:/MAMP/htdocs/LARAVEL/vendor/laravel/framework/src/Illuminate/Pipeline/Pipeline.php(219): Illuminate/Foundation/Http/Middleware/ConvertEmptyStringsToNull->handle(Object(Illuminate/Http/Request), Object(Closure))
#40 C:/MAMP/htdocs/LARAVEL/vendor/laravel/framework/src/Illuminate/Foundation/Http/Middleware/TransformsRequest.php(21): Illuminate/Pipeline/Pipeline->Illuminate/Pipeline/{closure}(Object(Illuminate/Http/Request))
#41 C:/MAMP/htdocs/LARAVEL/vendor/laravel/framework/src/Illuminate/Foundation/Http/Middleware/TrimStrings.php(51): Illuminate/Foundation/Http/Middleware/TransformsRequest->handle(Object(Illuminate/Http/Request), Object(Closure))
#42 C:/MAMP/htdocs/LARAVEL/vendor/laravel/framework/src/Illuminate/Pipeline/Pipeline.php(219): Illuminate/Foundation/Http/Middleware/TrimStrings->handle(Object(Illuminate/Http/Request), Object(Closure))
#43 C:/MAMP/htdocs/LARAVEL/vendor/laravel/framework/src/Illuminate/Http/Middleware/ValidatePostSize.php(27): Illuminate/Pipeline/Pipeline->Illuminate/Pipeline/{closure}(Object(Illuminate/Http/Request))
#44 C:/MAMP/htdocs/LARAVEL/vendor/laravel/framework/src/Illuminate/Pipeline/Pipeline.php(219): Illuminate/Http/Middleware/ValidatePostSize->handle(Object(Illuminate/Http/Request), Object(Closure))
#45 C:/MAMP/htdocs/LARAVEL/vendor/laravel/framework/src/Illuminate/Foundation/Http/Middleware/PreventRequestsDuringMaintenance.php(109): Illuminate/Pipeline/Pipeline->Illuminate/Pipeline/{closure}(Object(Illuminate/Http/Request))
#46 C:/MAMP/htdocs/LARAVEL/vendor/laravel/framework/src/Illuminate/Pipeline/Pipeline.php(219): Illuminate/Foundation/Http/Middleware/PreventRequestsDuringMaintenance->handle(Object(Illuminate/Http/Request), Object(Closure))
#47 C:/MAMP/htdocs/LARAVEL/vendor/laravel/framework/src/Illuminate/Http/Middleware/HandleCors.php(74): Illuminate/Pipeline/Pipeline->Illuminate/Pipeline/{closure}(Object(Illuminate/Http/Request))
#48 C:/MAMP/htdocs/LARAVEL/vendor/laravel/framework/src/Illuminate/Pipeline/Pipeline.php(219): Illuminate/Http/Middleware/HandleCors->handle(Object(Illuminate/Http/Request), Object(Closure))
#49 C:/MAMP/htdocs/LARAVEL/vendor/laravel/framework/src/Illuminate/Http/Middleware/TrustProxies.php(58): Illuminate/Pipeline/Pipeline->Illuminate/Pipeline/{closure}(Object(Illuminate/Http/Request))
#50 C:/MAMP/htdocs/LARAVEL/vendor/laravel/framework/src/Illuminate/Pipeline/Pipeline.php(219): Illuminate/Http/Middleware/TrustProxies->handle(Object(Illuminate/Http/Request), Object(Closure))
#51 C:/MAMP/htdocs/LARAVEL/vendor/laravel/framework/src/Illuminate/Foundation/Http/Middleware/InvokeDeferredCallbacks.php(22): Illuminate/Pipeline/Pipeline->Illuminate/Pipeline/{closure}(Object(Illuminate/Http/Request))
#52 C:/MAMP/htdocs/LARAVEL/vendor/laravel/framework/src/Illuminate/Pipeline/Pipeline.php(219): Illuminate/Foundation/Http/Middleware/InvokeDeferredCallbacks->handle(Object(Illuminate/Http/Request), Object(Closure))
#53 C:/MAMP/htdocs/LARAVEL/vendor/laravel/framework/src/Illuminate/Http/Middleware/ValidatePathEncoding.php(28): Illuminate/Pipeline/Pipeline->Illuminate/Pipeline/{closure}(Object(Illuminate/Http/Request))
#54 C:/MAMP/htdocs/LARAVEL/vendor/laravel/framework/src/Illuminate/Pipeline/Pipeline.php(219): Illuminate/Http/Middleware/ValidatePathEncoding->handle(Object(Illuminate/Http/Request), Object(Closure))
#55 C:/MAMP/htdocs/LARAVEL/vendor/laravel/framework/src/Illuminate/Pipeline/Pipeline.php(137): Illuminate/Pipeline/Pipeline->Illuminate/Pipeline/{closure}(Object(Illuminate/Http/Request))
#56 C:/MAMP/htdocs/LARAVEL/vendor/laravel/framework/src/Illuminate/Foundation/Http/Kernel.php(175): Illuminate/Pipeline/Pipeline->then(Object(Closure))
#57 C:/MAMP/htdocs/LARAVEL/vendor/laravel/framework/src/Illuminate/Foundation/Http/Kernel.php(144): Illuminate/Foundation/Http/Kernel->sendRequestThroughRouter(Object(Illuminate/Http/Request))
#58 C:/MAMP/htdocs/LARAVEL/vendor/laravel/framework/src/Illuminate/Foundation/Application.php(1220): Illuminate/Foundation/Http/Kernel->handle(Object(Illuminate/Http/Request))
#59 C:/MAMP/htdocs/LARAVEL/public/index.php(20): Illuminate/Foundation/Application->handleRequest(Object(Illuminate/Http/Request))
#60 {main}
"} 
[2026-04-13 09:49:49] local.ERROR: SQLSTATE[42S22]: Column not found: 1054 Unknown column 'updated_at' in 'field list' (Connection: mysql, Host: 127.0.0.1, Port: 3306, Database: bag, SQL: insert into `users` (`username`, `email`, `password`, `updated_at`, `created_at`) values (laraveltest, laravel@test.com, $2y$12$0zm/flA60yVOD74ZlPEiy.qnHbrkE9ncviNK94NfYg.HNSAck3Dju, 2026-04-13 09:49:49, 2026-04-13 09:49:49)) {"exception":"[object] (Illuminate\\Database\\QueryException(code: 42S22): SQLSTATE[42S22]: Column not found: 1054 Unknown column 'updated_at' in 'field list' (Connection: mysql, Host: 127.0.0.1, Port: 3306, Database: bag, SQL: insert into `users` (`username`, `email`, `password`, `updated_at`, `created_at`) values (laraveltest, laravel@test.com, $2y$12$0zm/flA60yVOD74ZlPEiy.qnHbrkE9ncviNK94NfYg.HNSAck3Dju, 2026-04-13 09:49:49, 2026-04-13 09:49:49)) at C:/MAMP/htdocs/LARAVEL/vendor/laravel/framework/src/Illuminate/Database/Connection.php:841)
[stacktrace]
#0 C:/MAMP/htdocs/LARAVEL/vendor/laravel/framework/src/Illuminate/Database/Connection.php(797): Illuminate/Database/Connection->runQueryCallback('insert into `us...', Array, Object(Closure))
#1 C:/MAMP/htdocs/LARAVEL/vendor/laravel/framework/src/Illuminate/Database/MySqlConnection.php(42): Illuminate/Database/Connection->run('insert into `us...', Array, Object(Closure))
#2 C:/MAMP/htdocs/LARAVEL/vendor/laravel/framework/src/Illuminate/Database/Query/Processors/MySqlProcessor.php(35): Illuminate/Database/MySqlConnection->insert('insert into `us...', Array, 'id')
#3 C:/MAMP/htdocs/LARAVEL/vendor/laravel/framework/src/Illuminate/Database/Query/Builder.php(4246): Illuminate/Database/Query/Processors/MySqlProcessor->processInsertGetId(Object(Illuminate/Database/Query/Builder), 'insert into `us...', Array, 'id')
#4 C:/MAMP/htdocs/LARAVEL/vendor/laravel/framework/src/Illuminate/Database/Eloquent/Builder.php(2270): Illuminate/Database/Query/Builder->insertGetId(Array, 'id')
#5 C:/MAMP/htdocs/LARAVEL/vendor/laravel/framework/src/Illuminate/Database/Eloquent/Model.php(1650): Illuminate/Database/Eloquent/Builder->__call('insertGetId', Array)
#6 C:/MAMP/htdocs/LARAVEL/vendor/laravel/framework/src/Illuminate/Database/Eloquent/Model.php(1566): Illuminate/Database/Eloquent/Model->insertAndSetId(Object(Illuminate/Database/Eloquent/Builder), Array)
#7 C:/MAMP/htdocs/LARAVEL/vendor/laravel/framework/src/Illuminate/Database/Eloquent/Model.php(1370): Illuminate/Database/Eloquent/Model->performInsert(Object(Illuminate/Database/Eloquent/Builder))
#8 C:/MAMP/htdocs/LARAVEL/vendor/laravel/framework/src/Illuminate/Database/Eloquent/Builder.php(1224): Illuminate/Database/Eloquent/Model->save()
#9 C:/MAMP/htdocs/LARAVEL/vendor/laravel/framework/src/Illuminate/Support/helpers.php(393): Illuminate/Database/Eloquent/Builder->Illuminate/Database/Eloquent/{closure}(Object(App/Models/User))
#10 C:/MAMP/htdocs/LARAVEL/vendor/laravel/framework/src/Illuminate/Database/Eloquent/Builder.php(1223): tap(Object(App/Models/User), Object(Closure))
#11 C:/MAMP/htdocs/LARAVEL/vendor/laravel/framework/src/Illuminate/Support/Traits/ForwardsCalls.php(23): Illuminate/Database/Eloquent/Builder->create(Array)
#12 C:/MAMP/htdocs/LARAVEL/vendor/laravel/framework/src/Illuminate/Database/Eloquent/Model.php(2793): Illuminate/Database/Eloquent/Model->forwardCallTo(Object(Illuminate/Database/Eloquent/Builder), 'create', Array)
#13 C:/MAMP/htdocs/LARAVEL/vendor/laravel/framework/src/Illuminate/Database/Eloquent/Model.php(2809): Illuminate/Database/Eloquent/Model->__call('create', Array)
#14 C:/MAMP/htdocs/LARAVEL/app/Http/Controllers/AuthController.php(28): Illuminate/Database/Eloquent/Model::__callStatic('create', Array)
#15 C:/MAMP/htdocs/LARAVEL/vendor/laravel/framework/src/Illuminate/Routing/ControllerDispatcher.php(46): App/Http/Controllers/AuthController->register(Object(Illuminate/Http/Request))
#16 C:/MAMP/htdocs/LARAVEL/vendor/laravel/framework/src/Illuminate/Routing/Route.php(269): Illuminate/Routing/ControllerDispatcher->dispatch(Object(Illuminate/Routing/Route), Object(App/Http/Controllers/AuthController), 'register')
#17 C:/MAMP/htdocs/LARAVEL/vendor/laravel/framework/src/Illuminate/Routing/Route.php(215): Illuminate/Routing/Route->runController()
#18 C:/MAMP/htdocs/LARAVEL/vendor/laravel/framework/src/Illuminate/Routing/Router.php(822): Illuminate/Routing/Route->run()
#19 C:/MAMP/htdocs/LARAVEL/vendor/laravel/framework/src/Illuminate/Pipeline/Pipeline.php(180): Illuminate/Routing/Router->Illuminate/Routing/{closure}(Object(Illuminate/Http/Request))
#20 C:/MAMP/htdocs/LARAVEL/vendor/laravel/framework/src/Illuminate/Routing/Middleware/SubstituteBindings.php(52): Illuminate/Pipeline/Pipeline->Illuminate/Pipeline/{closure}(Object(Illuminate/Http/Request))
#21 C:/MAMP/htdocs/LARAVEL/vendor/laravel/framework/src/Illuminate/Pipeline/Pipeline.php(219): Illuminate/Routing/Middleware/SubstituteBindings->handle(Object(Illuminate/Http/Request), Object(Closure))
#22 C:/MAMP/htdocs/LARAVEL/vendor/laravel/framework/src/Illuminate/Http/Middleware/HandleCors.php(74): Illuminate/Pipeline/Pipeline->Illuminate/Pipeline/{closure}(Object(Illuminate/Http/Request))
#23 C:/MAMP/htdocs/LARAVEL/vendor/laravel/framework/src/Illuminate/Pipeline/Pipeline.php(219): Illuminate/Http/Middleware/HandleCors->handle(Object(Illuminate/Http/Request), Object(Closure))
#24 C:/MAMP/htdocs/LARAVEL/vendor/laravel/framework/src/Illuminate/Pipeline/Pipeline.php(137): Illuminate/Pipeline/Pipeline->Illuminate/Pipeline/{closure}(Object(Illuminate/Http/Request))
#25 C:/MAMP/htdocs/LARAVEL/vendor/laravel/framework/src/Illuminate/Routing/Router.php(821): Illuminate/Pipeline/Pipeline->then(Object(Closure))
#26 C:/MAMP/htdocs/LARAVEL/vendor/laravel/framework/src/Illuminate/Routing/Router.php(800): Illuminate/Routing/Router->runRouteWithinStack(Object(Illuminate/Routing/Route), Object(Illuminate/Http/Request))
#27 C:/MAMP/htdocs/LARAVEL/vendor/laravel/framework/src/Illuminate/Routing/Router.php(764): Illuminate/Routing/Router->runRoute(Object(Illuminate/Http/Request), Object(Illuminate/Routing/Route))
#28 C:/MAMP/htdocs/LARAVEL/vendor/laravel/framework/src/Illuminate/Routing/Router.php(753): Illuminate/Routing/Router->dispatchToRoute(Object(Illuminate/Http/Request))
#29 C:/MAMP/htdocs/LARAVEL/vendor/laravel/framework/src/Illuminate/Foundation/Http/Kernel.php(200): Illuminate/Routing/Router->dispatch(Object(Illuminate/Http/Request))
#30 C:/MAMP/htdocs/LARAVEL/vendor/laravel/framework/src/Illuminate/Pipeline/Pipeline.php(180): Illuminate/Foundation/Http/Kernel->Illuminate/Foundation/Http/{closure}(Object(Illuminate/Http/Request))
#31 C:/MAMP/htdocs/LARAVEL/vendor/laravel/framework/src/Illuminate/Foundation/Http/Middleware/TransformsRequest.php(21): Illuminate/Pipeline/Pipeline->Illuminate/Pipeline/{closure}(Object(Illuminate/Http/Request))
#32 C:/MAMP/htdocs/LARAVEL/vendor/laravel/framework/src/Illuminate/Foundation/Http/Middleware/ConvertEmptyStringsToNull.php(31): Illuminate/Foundation/Http/Middleware/TransformsRequest->handle(Object(Illuminate/Http/Request), Object(Closure))
#33 C:/MAMP/htdocs/LARAVEL/vendor/laravel/framework/src/Illuminate/Pipeline/Pipeline.php(219): Illuminate/Foundation/Http/Middleware/ConvertEmptyStringsToNull->handle(Object(Illuminate/Http/Request), Object(Closure))
#34 C:/MAMP/htdocs/LARAVEL/vendor/laravel/framework/src/Illuminate/Foundation/Http/Middleware/TransformsRequest.php(21): Illuminate/Pipeline/Pipeline->Illuminate/Pipeline/{closure}(Object(Illuminate/Http/Request))
#35 C:/MAMP/htdocs/LARAVEL/vendor/laravel/framework/src/Illuminate/Foundation/Http/Middleware/TrimStrings.php(51): Illuminate/Foundation/Http/Middleware/TransformsRequest->handle(Object(Illuminate/Http/Request), Object(Closure))
#36 C:/MAMP/htdocs/LARAVEL/vendor/laravel/framework/src/Illuminate/Pipeline/Pipeline.php(219): Illuminate/Foundation/Http/Middleware/TrimStrings->handle(Object(Illuminate/Http/Request), Object(Closure))
#37 C:/MAMP/htdocs/LARAVEL/vendor/laravel/framework/src/Illuminate/Http/Middleware/ValidatePostSize.php(27): Illuminate/Pipeline/Pipeline->Illuminate/Pipeline/{closure}(Object(Illuminate/Http/Request))
#38 C:/MAMP/htdocs/LARAVEL/vendor/laravel/framework/src/Illuminate/Pipeline/Pipeline.php(219): Illuminate/Http/Middleware/ValidatePostSize->handle(Object(Illuminate/Http/Request), Object(Closure))
#39 C:/MAMP/htdocs/LARAVEL/vendor/laravel/framework/src/Illuminate/Foundation/Http/Middleware/PreventRequestsDuringMaintenance.php(109): Illuminate/Pipeline/Pipeline->Illuminate/Pipeline/{closure}(Object(Illuminate/Http/Request))
#40 C:/MAMP/htdocs/LARAVEL/vendor/laravel/framework/src/Illuminate/Pipeline/Pipeline.php(219): Illuminate/Foundation/Http/Middleware/PreventRequestsDuringMaintenance->handle(Object(Illuminate/Http/Request), Object(Closure))
#41 C:/MAMP/htdocs/LARAVEL/vendor/laravel/framework/src/Illuminate/Http/Middleware/HandleCors.php(74): Illuminate/Pipeline/Pipeline->Illuminate/Pipeline/{closure}(Object(Illuminate/Http/Request))
#42 C:/MAMP/htdocs/LARAVEL/vendor/laravel/framework/src/Illuminate/Pipeline/Pipeline.php(219): Illuminate/Http/Middleware/HandleCors->handle(Object(Illuminate/Http/Request), Object(Closure))
#43 C:/MAMP/htdocs/LARAVEL/vendor/laravel/framework/src/Illuminate/Http/Middleware/TrustProxies.php(58): Illuminate/Pipeline/Pipeline->Illuminate/Pipeline/{closure}(Object(Illuminate/Http/Request))
#44 C:/MAMP/htdocs/LARAVEL/vendor/laravel/framework/src/Illuminate/Pipeline/Pipeline.php(219): Illuminate/Http/Middleware/TrustProxies->handle(Object(Illuminate/Http/Request), Object(Closure))
#45 C:/MAMP/htdocs/LARAVEL/vendor/laravel/framework/src/Illuminate/Foundation/Http/Middleware/InvokeDeferredCallbacks.php(22): Illuminate/Pipeline/Pipeline->Illuminate/Pipeline/{closure}(Object(Illuminate/Http/Request))
#46 C:/MAMP/htdocs/LARAVEL/vendor/laravel/framework/src/Illuminate/Pipeline/Pipeline.php(219): Illuminate/Foundation/Http/Middleware/InvokeDeferredCallbacks->handle(Object(Illuminate/Http/Request), Object(Closure))
#47 C:/MAMP/htdocs/LARAVEL/vendor/laravel/framework/src/Illuminate/Http/Middleware/ValidatePathEncoding.php(28): Illuminate/Pipeline/Pipeline->Illuminate/Pipeline/{closure}(Object(Illuminate/Http/Request))
#48 C:/MAMP/htdocs/LARAVEL/vendor/laravel/framework/src/Illuminate/Pipeline/Pipeline.php(219): Illuminate/Http/Middleware/ValidatePathEncoding->handle(Object(Illuminate/Http/Request), Object(Closure))
#49 C:/MAMP/htdocs/LARAVEL/vendor/laravel/framework/src/Illuminate/Pipeline/Pipeline.php(137): Illuminate/Pipeline/Pipeline->Illuminate/Pipeline/{closure}(Object(Illuminate/Http/Request))
#50 C:/MAMP/htdocs/LARAVEL/vendor/laravel/framework/src/Illuminate/Foundation/Http/Kernel.php(175): Illuminate/Pipeline/Pipeline->then(Object(Closure))
#51 C:/MAMP/htdocs/LARAVEL/vendor/laravel/framework/src/Illuminate/Foundation/Http/Kernel.php(144): Illuminate/Foundation/Http/Kernel->sendRequestThroughRouter(Object(Illuminate/Http/Request))
#52 C:/MAMP/htdocs/LARAVEL/vendor/laravel/framework/src/Illuminate/Foundation/Application.php(1220): Illuminate/Foundation/Http/Kernel->handle(Object(Illuminate/Http/Request))
#53 C:/MAMP/htdocs/LARAVEL/public/index.php(20): Illuminate/Foundation/Application->handleRequest(Object(Illuminate/Http/Request))
#54 {main}

[previous exception] [object] (PDOException(code: 42S22): SQLSTATE[42S22]: Column not found: 1054 Unknown column 'updated_at' in 'field list' at C:/MAMP/htdocs/LARAVEL/vendor/laravel/framework/src/Illuminate/Database/MySqlConnection.php:47)
[stacktrace]
#0 C:/MAMP/htdocs/LARAVEL/vendor/laravel/framework/src/Illuminate/Database/MySqlConnection.php(47): PDO->prepare('insert into `us...')
#1 C:/MAMP/htdocs/LARAVEL/vendor/laravel/framework/src/Illuminate/Database/Connection.php(830): Illuminate/Database/MySqlConnection->Illuminate/Database/{closure}('insert into `us...', Array)
#2 C:/MAMP/htdocs/LARAVEL/vendor/laravel/framework/src/Illuminate/Database/Connection.php(797): Illuminate/Database/Connection->runQueryCallback('insert into `us...', Array, Object(Closure))
#3 C:/MAMP/htdocs/LARAVEL/vendor/laravel/framework/src/Illuminate/Database/MySqlConnection.php(42): Illuminate/Database/Connection->run('insert into `us...', Array, Object(Closure))
#4 C:/MAMP/htdocs/LARAVEL/vendor/laravel/framework/src/Illuminate/Database/Query/Processors/MySqlProcessor.php(35): Illuminate/Database/MySqlConnection->insert('insert into `us...', Array, 'id')
#5 C:/MAMP/htdocs/LARAVEL/vendor/laravel/framework/src/Illuminate/Database/Query/Builder.php(4246): Illuminate/Database/Query/Processors/MySqlProcessor->processInsertGetId(Object(Illuminate/Database/Query/Builder), 'insert into `us...', Array, 'id')
#6 C:/MAMP/htdocs/LARAVEL/vendor/laravel/framework/src/Illuminate/Database/Eloquent/Builder.php(2270): Illuminate/Database/Query/Builder->insertGetId(Array, 'id')
#7 C:/MAMP/htdocs/LARAVEL/vendor/laravel/framework/src/Illuminate/Database/Eloquent/Model.php(1650): Illuminate/Database/Eloquent/Builder->__call('insertGetId', Array)
#8 C:/MAMP/htdocs/LARAVEL/vendor/laravel/framework/src/Illuminate/Database/Eloquent/Model.php(1566): Illuminate/Database/Eloquent/Model->insertAndSetId(Object(Illuminate/Database/Eloquent/Builder), Array)
#9 C:/MAMP/htdocs/LARAVEL/vendor/laravel/framework/src/Illuminate/Database/Eloquent/Model.php(1370): Illuminate/Database/Eloquent/Model->performInsert(Object(Illuminate/Database/Eloquent/Builder))
#10 C:/MAMP/htdocs/LARAVEL/vendor/laravel/framework/src/Illuminate/Database/Eloquent/Builder.php(1224): Illuminate/Database/Eloquent/Model->save()
#11 C:/MAMP/htdocs/LARAVEL/vendor/laravel/framework/src/Illuminate/Support/helpers.php(393): Illuminate/Database/Eloquent/Builder->Illuminate/Database/Eloquent/{closure}(Object(App/Models/User))
#12 C:/MAMP/htdocs/LARAVEL/vendor/laravel/framework/src/Illuminate/Database/Eloquent/Builder.php(1223): tap(Object(App/Models/User), Object(Closure))
#13 C:/MAMP/htdocs/LARAVEL/vendor/laravel/framework/src/Illuminate/Support/Traits/ForwardsCalls.php(23): Illuminate/Database/Eloquent/Builder->create(Array)
#14 C:/MAMP/htdocs/LARAVEL/vendor/laravel/framework/src/Illuminate/Database/Eloquent/Model.php(2793): Illuminate/Database/Eloquent/Model->forwardCallTo(Object(Illuminate/Database/Eloquent/Builder), 'create', Array)
#15 C:/MAMP/htdocs/LARAVEL/vendor/laravel/framework/src/Illuminate/Database/Eloquent/Model.php(2809): Illuminate/Database/Eloquent/Model->__call('create', Array)
#16 C:/MAMP/htdocs/LARAVEL/app/Http/Controllers/AuthController.php(28): Illuminate/Database/Eloquent/Model::__callStatic('create', Array)
#17 C:/MAMP/htdocs/LARAVEL/vendor/laravel/framework/src/Illuminate/Routing/ControllerDispatcher.php(46): App/Http/Controllers/AuthController->register(Object(Illuminate/Http/Request))
#18 C:/MAMP/htdocs/LARAVEL/vendor/laravel/framework/src/Illuminate/Routing/Route.php(269): Illuminate/Routing/ControllerDispatcher->dispatch(Object(Illuminate/Routing/Route), Object(App/Http/Controllers/AuthController), 'register')
#19 C:/MAMP/htdocs/LARAVEL/vendor/laravel/framework/src/Illuminate/Routing/Route.php(215): Illuminate/Routing/Route->runController()
#20 C:/MAMP/htdocs/LARAVEL/vendor/laravel/framework/src/Illuminate/Routing/Router.php(822): Illuminate/Routing/Route->run()
#21 C:/MAMP/htdocs/LARAVEL/vendor/laravel/framework/src/Illuminate/Pipeline/Pipeline.php(180): Illuminate/Routing/Router->Illuminate/Routing/{closure}(Object(Illuminate/Http/Request))
#22 C:/MAMP/htdocs/LARAVEL/vendor/laravel/framework/src/Illuminate/Routing/Middleware/SubstituteBindings.php(52): Illuminate/Pipeline/Pipeline->Illuminate/Pipeline/{closure}(Object(Illuminate/Http/Request))
#23 C:/MAMP/htdocs/LARAVEL/vendor/laravel/framework/src/Illuminate/Pipeline/Pipeline.php(219): Illuminate/Routing/Middleware/SubstituteBindings->handle(Object(Illuminate/Http/Request), Object(Closure))
#24 C:/MAMP/htdocs/LARAVEL/vendor/laravel/framework/src/Illuminate/Http/Middleware/HandleCors.php(74): Illuminate/Pipeline/Pipeline->Illuminate/Pipeline/{closure}(Object(Illuminate/Http/Request))
#25 C:/MAMP/htdocs/LARAVEL/vendor/laravel/framework/src/Illuminate/Pipeline/Pipeline.php(219): Illuminate/Http/Middleware/HandleCors->handle(Object(Illuminate/Http/Request), Object(Closure))
#26 C:/MAMP/htdocs/LARAVEL/vendor/laravel/framework/src/Illuminate/Pipeline/Pipeline.php(137): Illuminate/Pipeline/Pipeline->Illuminate/Pipeline/{closure}(Object(Illuminate/Http/Request))
#27 C:/MAMP/htdocs/LARAVEL/vendor/laravel/framework/src/Illuminate/Routing/Router.php(821): Illuminate/Pipeline/Pipeline->then(Object(Closure))
#28 C:/MAMP/htdocs/LARAVEL/vendor/laravel/framework/src/Illuminate/Routing/Router.php(800): Illuminate/Routing/Router->runRouteWithinStack(Object(Illuminate/Routing/Route), Object(Illuminate/Http/Request))
#29 C:/MAMP/htdocs/LARAVEL/vendor/laravel/framework/src/Illuminate/Routing/Router.php(764): Illuminate/Routing/Router->runRoute(Object(Illuminate/Http/Request), Object(Illuminate/Routing/Route))
#30 C:/MAMP/htdocs/LARAVEL/vendor/laravel/framework/src/Illuminate/Routing/Router.php(753): Illuminate/Routing/Router->dispatchToRoute(Object(Illuminate/Http/Request))
#31 C:/MAMP/htdocs/LARAVEL/vendor/laravel/framework/src/Illuminate/Foundation/Http/Kernel.php(200): Illuminate/Routing/Router->dispatch(Object(Illuminate/Http/Request))
#32 C:/MAMP/htdocs/LARAVEL/vendor/laravel/framework/src/Illuminate/Pipeline/Pipeline.php(180): Illuminate/Foundation/Http/Kernel->Illuminate/Foundation/Http/{closure}(Object(Illuminate/Http/Request))
#33 C:/MAMP/htdocs/LARAVEL/vendor/laravel/framework/src/Illuminate/Foundation/Http/Middleware/TransformsRequest.php(21): Illuminate/Pipeline/Pipeline->Illuminate/Pipeline/{closure}(Object(Illuminate/Http/Request))
#34 C:/MAMP/htdocs/LARAVEL/vendor/laravel/framework/src/Illuminate/Foundation/Http/Middleware/ConvertEmptyStringsToNull.php(31): Illuminate/Foundation/Http/Middleware/TransformsRequest->handle(Object(Illuminate/Http/Request), Object(Closure))
#35 C:/MAMP/htdocs/LARAVEL/vendor/laravel/framework/src/Illuminate/Pipeline/Pipeline.php(219): Illuminate/Foundation/Http/Middleware/ConvertEmptyStringsToNull->handle(Object(Illuminate/Http/Request), Object(Closure))
#36 C:/MAMP/htdocs/LARAVEL/vendor/laravel/framework/src/Illuminate/Foundation/Http/Middleware/TransformsRequest.php(21): Illuminate/Pipeline/Pipeline->Illuminate/Pipeline/{closure}(Object(Illuminate/Http/Request))
#37 C:/MAMP/htdocs/LARAVEL/vendor/laravel/framework/src/Illuminate/Foundation/Http/Middleware/TrimStrings.php(51): Illuminate/Foundation/Http/Middleware/TransformsRequest->handle(Object(Illuminate/Http/Request), Object(Closure))
#38 C:/MAMP/htdocs/LARAVEL/vendor/laravel/framework/src/Illuminate/Pipeline/Pipeline.php(219): Illuminate/Foundation/Http/Middleware/TrimStrings->handle(Object(Illuminate/Http/Request), Object(Closure))
#39 C:/MAMP/htdocs/LARAVEL/vendor/laravel/framework/src/Illuminate/Http/Middleware/ValidatePostSize.php(27): Illuminate/Pipeline/Pipeline->Illuminate/Pipeline/{closure}(Object(Illuminate/Http/Request))
#40 C:/MAMP/htdocs/LARAVEL/vendor/laravel/framework/src/Illuminate/Pipeline/Pipeline.php(219): Illuminate/Http/Middleware/ValidatePostSize->handle(Object(Illuminate/Http/Request), Object(Closure))
#41 C:/MAMP/htdocs/LARAVEL/vendor/laravel/framework/src/Illuminate/Foundation/Http/Middleware/PreventRequestsDuringMaintenance.php(109): Illuminate/Pipeline/Pipeline->Illuminate/Pipeline/{closure}(Object(Illuminate/Http/Request))
#42 C:/MAMP/htdocs/LARAVEL/vendor/laravel/framework/src/Illuminate/Pipeline/Pipeline.php(219): Illuminate/Foundation/Http/Middleware/PreventRequestsDuringMaintenance->handle(Object(Illuminate/Http/Request), Object(Closure))
#43 C:/MAMP/htdocs/LARAVEL/vendor/laravel/framework/src/Illuminate/Http/Middleware/HandleCors.php(74): Illuminate/Pipeline/Pipeline->Illuminate/Pipeline/{closure}(Object(Illuminate/Http/Request))
#44 C:/MAMP/htdocs/LARAVEL/vendor/laravel/framework/src/Illuminate/Pipeline/Pipeline.php(219): Illuminate/Http/Middleware/HandleCors->handle(Object(Illuminate/Http/Request), Object(Closure))
#45 C:/MAMP/htdocs/LARAVEL/vendor/laravel/framework/src/Illuminate/Http/Middleware/TrustProxies.php(58): Illuminate/Pipeline/Pipeline->Illuminate/Pipeline/{closure}(Object(Illuminate/Http/Request))
#46 C:/MAMP/htdocs/LARAVEL/vendor/laravel/framework/src/Illuminate/Pipeline/Pipeline.php(219): Illuminate/Http/Middleware/TrustProxies->handle(Object(Illuminate/Http/Request), Object(Closure))
#47 C:/MAMP/htdocs/LARAVEL/vendor/laravel/framework/src/Illuminate/Foundation/Http/Middleware/InvokeDeferredCallbacks.php(22): Illuminate/Pipeline/Pipeline->Illuminate/Pipeline/{closure}(Object(Illuminate/Http/Request))
#48 C:/MAMP/htdocs/LARAVEL/vendor/laravel/framework/src/Illuminate/Pipeline/Pipeline.php(219): Illuminate/Foundation/Http/Middleware/InvokeDeferredCallbacks->handle(Object(Illuminate/Http/Request), Object(Closure))
#49 C:/MAMP/htdocs/LARAVEL/vendor/laravel/framework/src/Illuminate/Http/Middleware/ValidatePathEncoding.php(28): Illuminate/Pipeline/Pipeline->Illuminate/Pipeline/{closure}(Object(Illuminate/Http/Request))
#50 C:/MAMP/htdocs/LARAVEL/vendor/laravel/framework/src/Illuminate/Pipeline/Pipeline.php(219): Illuminate/Http/Middleware/ValidatePathEncoding->handle(Object(Illuminate/Http/Request), Object(Closure))
#51 C:/MAMP/htdocs/LARAVEL/vendor/laravel/framework/src/Illuminate/Pipeline/Pipeline.php(137): Illuminate/Pipeline/Pipeline->Illuminate/Pipeline/{closure}(Object(Illuminate/Http/Request))
#52 C:/MAMP/htdocs/LARAVEL/vendor/laravel/framework/src/Illuminate/Foundation/Http/Kernel.php(175): Illuminate/Pipeline/Pipeline->then(Object(Closure))
#53 C:/MAMP/htdocs/LARAVEL/vendor/laravel/framework/src/Illuminate/Foundation/Http/Kernel.php(144): Illuminate/Foundation/Http/Kernel->sendRequestThroughRouter(Object(Illuminate/Http/Request))
#54 C:/MAMP/htdocs/LARAVEL/vendor/laravel/framework/src/Illuminate/Foundation/Application.php(1220): Illuminate/Foundation/Http/Kernel->handle(Object(Illuminate/Http/Request))
#55 C:/MAMP/htdocs/LARAVEL/public/index.php(20): Illuminate/Foundation/Application->handleRequest(Object(Illuminate/Http/Request))
#56 {main}
"} 
[2026-04-13 09:51:17] local.ERROR: SQLSTATE[42S02]: Base table or view not found: 1146 Table 'bag.cache' doesn't exist (Connection: mysql, Host: 127.0.0.1, Port: 3306, Database: bag, SQL: select * from `cache` where `key` in (bagapi-cache-DXHdUQafhWr0P0vD)) {"exception":"[object] (Illuminate\\Database\\QueryException(code: 42S02): SQLSTATE[42S02]: Base table or view not found: 1146 Table 'bag.cache' doesn't exist (Connection: mysql, Host: 127.0.0.1, Port: 3306, Database: bag, SQL: select * from `cache` where `key` in (bagapi-cache-DXHdUQafhWr0P0vD)) at C:/MAMP/htdocs/LARAVEL/vendor/laravel/framework/src/Illuminate/Database/Connection.php:841)
[stacktrace]
#0 C:/MAMP/htdocs/LARAVEL/vendor/laravel/framework/src/Illuminate/Database/Connection.php(797): Illuminate/Database/Connection->runQueryCallback('select * from `...', Array, Object(Closure))
#1 C:/MAMP/htdocs/LARAVEL/vendor/laravel/framework/src/Illuminate/Database/Connection.php(412): Illuminate/Database/Connection->run('select * from `...', Array, Object(Closure))
#2 C:/MAMP/htdocs/LARAVEL/vendor/laravel/framework/src/Illuminate/Database/Query/Builder.php(3562): Illuminate/Database/Connection->select('select * from `...', Array, true, Array)
#3 C:/MAMP/htdocs/LARAVEL/vendor/laravel/framework/src/Illuminate/Database/Query/Builder.php(3546): Illuminate/Database/Query/Builder->runSelect()
#4 C:/MAMP/htdocs/LARAVEL/vendor/laravel/framework/src/Illuminate/Cache/DatabaseStore.php(142): Illuminate/Database/Query/Builder->get()
#5 C:/MAMP/htdocs/LARAVEL/vendor/laravel/framework/src/Illuminate/Cache/DatabaseStore.php(117): Illuminate/Cache/DatabaseStore->many(Array)
#6 C:/MAMP/htdocs/LARAVEL/vendor/laravel/framework/src/Illuminate/Cache/Repository.php(124): Illuminate/Cache/DatabaseStore->get('DXHdUQafhWr0P0v...')
#7 C:/MAMP/htdocs/LARAVEL/vendor/tymon/jwt-auth/src/Providers/Storage/Illuminate.php(97): Illuminate/Cache/Repository->get('DXHdUQafhWr0P0v...')
#8 C:/MAMP/htdocs/LARAVEL/vendor/tymon/jwt-auth/src/Blacklist.php(130): Tymon/JWTAuth/Providers/Storage/Illuminate->get('DXHdUQafhWr0P0v...')
#9 C:/MAMP/htdocs/LARAVEL/vendor/tymon/jwt-auth/src/Manager.php(105): Tymon/JWTAuth/Blacklist->has(Object(Tymon/JWTAuth/Payload))
#10 C:/MAMP/htdocs/LARAVEL/vendor/tymon/jwt-auth/src/JWT.php(194): Tymon/JWTAuth/Manager->decode(Object(Tymon/JWTAuth/Token))
#11 C:/MAMP/htdocs/LARAVEL/vendor/tymon/jwt-auth/src/JWT.php(131): Tymon/JWTAuth/JWT->getPayload()
#12 C:/MAMP/htdocs/LARAVEL/vendor/tymon/jwt-auth/src/JWT.php(143): Tymon/JWTAuth/JWT->checkOrFail()
#13 C:/MAMP/htdocs/LARAVEL/vendor/tymon/jwt-auth/src/JWTGuard.php(76): Tymon/JWTAuth/JWT->check(true)
#14 C:/MAMP/htdocs/LARAVEL/vendor/laravel/framework/src/Illuminate/Auth/GuardHelpers.php(56): Tymon/JWTAuth/JWTGuard->user()
#15 C:/MAMP/htdocs/LARAVEL/vendor/laravel/framework/src/Illuminate/Auth/Middleware/Authenticate.php(82): Tymon/JWTAuth/JWTGuard->check()
#16 C:/MAMP/htdocs/LARAVEL/vendor/laravel/framework/src/Illuminate/Auth/Middleware/Authenticate.php(61): Illuminate/Auth/Middleware/Authenticate->authenticate(Object(Illuminate/Http/Request), Array)
#17 C:/MAMP/htdocs/LARAVEL/vendor/laravel/framework/src/Illuminate/Pipeline/Pipeline.php(219): Illuminate/Auth/Middleware/Authenticate->handle(Object(Illuminate/Http/Request), Object(Closure), 'api')
#18 C:/MAMP/htdocs/LARAVEL/vendor/laravel/framework/src/Illuminate/Http/Middleware/HandleCors.php(74): Illuminate/Pipeline/Pipeline->Illuminate/Pipeline/{closure}(Object(Illuminate/Http/Request))
#19 C:/MAMP/htdocs/LARAVEL/vendor/laravel/framework/src/Illuminate/Pipeline/Pipeline.php(219): Illuminate/Http/Middleware/HandleCors->handle(Object(Illuminate/Http/Request), Object(Closure))
#20 C:/MAMP/htdocs/LARAVEL/vendor/laravel/framework/src/Illuminate/Pipeline/Pipeline.php(137): Illuminate/Pipeline/Pipeline->Illuminate/Pipeline/{closure}(Object(Illuminate/Http/Request))
#21 C:/MAMP/htdocs/LARAVEL/vendor/laravel/framework/src/Illuminate/Routing/Router.php(821): Illuminate/Pipeline/Pipeline->then(Object(Closure))
#22 C:/MAMP/htdocs/LARAVEL/vendor/laravel/framework/src/Illuminate/Routing/Router.php(800): Illuminate/Routing/Router->runRouteWithinStack(Object(Illuminate/Routing/Route), Object(Illuminate/Http/Request))
#23 C:/MAMP/htdocs/LARAVEL/vendor/laravel/framework/src/Illuminate/Routing/Router.php(764): Illuminate/Routing/Router->runRoute(Object(Illuminate/Http/Request), Object(Illuminate/Routing/Route))
#24 C:/MAMP/htdocs/LARAVEL/vendor/laravel/framework/src/Illuminate/Routing/Router.php(753): Illuminate/Routing/Router->dispatchToRoute(Object(Illuminate/Http/Request))
#25 C:/MAMP/htdocs/LARAVEL/vendor/laravel/framework/src/Illuminate/Foundation/Http/Kernel.php(200): Illuminate/Routing/Router->dispatch(Object(Illuminate/Http/Request))
#26 C:/MAMP/htdocs/LARAVEL/vendor/laravel/framework/src/Illuminate/Pipeline/Pipeline.php(180): Illuminate/Foundation/Http/Kernel->Illuminate/Foundation/Http/{closure}(Object(Illuminate/Http/Request))
#27 C:/MAMP/htdocs/LARAVEL/vendor/laravel/framework/src/Illuminate/Foundation/Http/Middleware/TransformsRequest.php(21): Illuminate/Pipeline/Pipeline->Illuminate/Pipeline/{closure}(Object(Illuminate/Http/Request))
#28 C:/MAMP/htdocs/LARAVEL/vendor/laravel/framework/src/Illuminate/Foundation/Http/Middleware/ConvertEmptyStringsToNull.php(31): Illuminate/Foundation/Http/Middleware/TransformsRequest->handle(Object(Illuminate/Http/Request), Object(Closure))
#29 C:/MAMP/htdocs/LARAVEL/vendor/laravel/framework/src/Illuminate/Pipeline/Pipeline.php(219): Illuminate/Foundation/Http/Middleware/ConvertEmptyStringsToNull->handle(Object(Illuminate/Http/Request), Object(Closure))
#30 C:/MAMP/htdocs/LARAVEL/vendor/laravel/framework/src/Illuminate/Foundation/Http/Middleware/TransformsRequest.php(21): Illuminate/Pipeline/Pipeline->Illuminate/Pipeline/{closure}(Object(Illuminate/Http/Request))
#31 C:/MAMP/htdocs/LARAVEL/vendor/laravel/framework/src/Illuminate/Foundation/Http/Middleware/TrimStrings.php(51): Illuminate/Foundation/Http/Middleware/TransformsRequest->handle(Object(Illuminate/Http/Request), Object(Closure))
#32 C:/MAMP/htdocs/LARAVEL/vendor/laravel/framework/src/Illuminate/Pipeline/Pipeline.php(219): Illuminate/Foundation/Http/Middleware/TrimStrings->handle(Object(Illuminate/Http/Request), Object(Closure))
#33 C:/MAMP/htdocs/LARAVEL/vendor/laravel/framework/src/Illuminate/Http/Middleware/ValidatePostSize.php(27): Illuminate/Pipeline/Pipeline->Illuminate/Pipeline/{closure}(Object(Illuminate/Http/Request))
#34 C:/MAMP/htdocs/LARAVEL/vendor/laravel/framework/src/Illuminate/Pipeline/Pipeline.php(219): Illuminate/Http/Middleware/ValidatePostSize->handle(Object(Illuminate/Http/Request), Object(Closure))
#35 C:/MAMP/htdocs/LARAVEL/vendor/laravel/framework/src/Illuminate/Foundation/Http/Middleware/PreventRequestsDuringMaintenance.php(109): Illuminate/Pipeline/Pipeline->Illuminate/Pipeline/{closure}(Object(Illuminate/Http/Request))
#36 C:/MAMP/htdocs/LARAVEL/vendor/laravel/framework/src/Illuminate/Pipeline/Pipeline.php(219): Illuminate/Foundation/Http/Middleware/PreventRequestsDuringMaintenance->handle(Object(Illuminate/Http/Request), Object(Closure))
#37 C:/MAMP/htdocs/LARAVEL/vendor/laravel/framework/src/Illuminate/Http/Middleware/HandleCors.php(74): Illuminate/Pipeline/Pipeline->Illuminate/Pipeline/{closure}(Object(Illuminate/Http/Request))
#38 C:/MAMP/htdocs/LARAVEL/vendor/laravel/framework/src/Illuminate/Pipeline/Pipeline.php(219): Illuminate/Http/Middleware/HandleCors->handle(Object(Illuminate/Http/Request), Object(Closure))
#39 C:/MAMP/htdocs/LARAVEL/vendor/laravel/framework/src/Illuminate/Http/Middleware/TrustProxies.php(58): Illuminate/Pipeline/Pipeline->Illuminate/Pipeline/{closure}(Object(Illuminate/Http/Request))
#40 C:/MAMP/htdocs/LARAVEL/vendor/laravel/framework/src/Illuminate/Pipeline/Pipeline.php(219): Illuminate/Http/Middleware/TrustProxies->handle(Object(Illuminate/Http/Request), Object(Closure))
#41 C:/MAMP/htdocs/LARAVEL/vendor/laravel/framework/src/Illuminate/Foundation/Http/Middleware/InvokeDeferredCallbacks.php(22): Illuminate/Pipeline/Pipeline->Illuminate/Pipeline/{closure}(Object(Illuminate/Http/Request))
#42 C:/MAMP/htdocs/LARAVEL/vendor/laravel/framework/src/Illuminate/Pipeline/Pipeline.php(219): Illuminate/Foundation/Http/Middleware/InvokeDeferredCallbacks->handle(Object(Illuminate/Http/Request), Object(Closure))
#43 C:/MAMP/htdocs/LARAVEL/vendor/laravel/framework/src/Illuminate/Http/Middleware/ValidatePathEncoding.php(28): Illuminate/Pipeline/Pipeline->Illuminate/Pipeline/{closure}(Object(Illuminate/Http/Request))
#44 C:/MAMP/htdocs/LARAVEL/vendor/laravel/framework/src/Illuminate/Pipeline/Pipeline.php(219): Illuminate/Http/Middleware/ValidatePathEncoding->handle(Object(Illuminate/Http/Request), Object(Closure))
#45 C:/MAMP/htdocs/LARAVEL/vendor/laravel/framework/src/Illuminate/Pipeline/Pipeline.php(137): Illuminate/Pipeline/Pipeline->Illuminate/Pipeline/{closure}(Object(Illuminate/Http/Request))
#46 C:/MAMP/htdocs/LARAVEL/vendor/laravel/framework/src/Illuminate/Foundation/Http/Kernel.php(175): Illuminate/Pipeline/Pipeline->then(Object(Closure))
#47 C:/MAMP/htdocs/LARAVEL/vendor/laravel/framework/src/Illuminate/Foundation/Http/Kernel.php(144): Illuminate/Foundation/Http/Kernel->sendRequestThroughRouter(Object(Illuminate/Http/Request))
#48 C:/MAMP/htdocs/LARAVEL/vendor/laravel/framework/src/Illuminate/Foundation/Application.php(1220): Illuminate/Foundation/Http/Kernel->handle(Object(Illuminate/Http/Request))
#49 C:/MAMP/htdocs/LARAVEL/public/index.php(20): Illuminate/Foundation/Application->handleRequest(Object(Illuminate/Http/Request))
#50 {main}

[previous exception] [object] (PDOException(code: 42S02): SQLSTATE[42S02]: Base table or view not found: 1146 Table 'bag.cache' doesn't exist at C:/MAMP/htdocs/LARAVEL/vendor/laravel/framework/src/Illuminate/Database/Connection.php:421)
[stacktrace]
#0 C:/MAMP/htdocs/LARAVEL/vendor/laravel/framework/src/Illuminate/Database/Connection.php(421): PDO->prepare('select * from `...')
#1 C:/MAMP/htdocs/LARAVEL/vendor/laravel/framework/src/Illuminate/Database/Connection.php(830): Illuminate/Database/Connection->Illuminate/Database/{closure}('select * from `...', Array)
#2 C:/MAMP/htdocs/LARAVEL/vendor/laravel/framework/src/Illuminate/Database/Connection.php(797): Illuminate/Database/Connection->runQueryCallback('select * from `...', Array, Object(Closure))
#3 C:/MAMP/htdocs/LARAVEL/vendor/laravel/framework/src/Illuminate/Database/Connection.php(412): Illuminate/Database/Connection->run('select * from `...', Array, Object(Closure))
#4 C:/MAMP/htdocs/LARAVEL/vendor/laravel/framework/src/Illuminate/Database/Query/Builder.php(3562): Illuminate/Database/Connection->select('select * from `...', Array, true, Array)
#5 C:/MAMP/htdocs/LARAVEL/vendor/laravel/framework/src/Illuminate/Database/Query/Builder.php(3546): Illuminate/Database/Query/Builder->runSelect()
#6 C:/MAMP/htdocs/LARAVEL/vendor/laravel/framework/src/Illuminate/Cache/DatabaseStore.php(142): Illuminate/Database/Query/Builder->get()
#7 C:/MAMP/htdocs/LARAVEL/vendor/laravel/framework/src/Illuminate/Cache/DatabaseStore.php(117): Illuminate/Cache/DatabaseStore->many(Array)
#8 C:/MAMP/htdocs/LARAVEL/vendor/laravel/framework/src/Illuminate/Cache/Repository.php(124): Illuminate/Cache/DatabaseStore->get('DXHdUQafhWr0P0v...')
#9 C:/MAMP/htdocs/LARAVEL/vendor/tymon/jwt-auth/src/Providers/Storage/Illuminate.php(97): Illuminate/Cache/Repository->get('DXHdUQafhWr0P0v...')
#10 C:/MAMP/htdocs/LARAVEL/vendor/tymon/jwt-auth/src/Blacklist.php(130): Tymon/JWTAuth/Providers/Storage/Illuminate->get('DXHdUQafhWr0P0v...')
#11 C:/MAMP/htdocs/LARAVEL/vendor/tymon/jwt-auth/src/Manager.php(105): Tymon/JWTAuth/Blacklist->has(Object(Tymon/JWTAuth/Payload))
#12 C:/MAMP/htdocs/LARAVEL/vendor/tymon/jwt-auth/src/JWT.php(194): Tymon/JWTAuth/Manager->decode(Object(Tymon/JWTAuth/Token))
#13 C:/MAMP/htdocs/LARAVEL/vendor/tymon/jwt-auth/src/JWT.php(131): Tymon/JWTAuth/JWT->getPayload()
#14 C:/MAMP/htdocs/LARAVEL/vendor/tymon/jwt-auth/src/JWT.php(143): Tymon/JWTAuth/JWT->checkOrFail()
#15 C:/MAMP/htdocs/LARAVEL/vendor/tymon/jwt-auth/src/JWTGuard.php(76): Tymon/JWTAuth/JWT->check(true)
#16 C:/MAMP/htdocs/LARAVEL/vendor/laravel/framework/src/Illuminate/Auth/GuardHelpers.php(56): Tymon/JWTAuth/JWTGuard->user()
#17 C:/MAMP/htdocs/LARAVEL/vendor/laravel/framework/src/Illuminate/Auth/Middleware/Authenticate.php(82): Tymon/JWTAuth/JWTGuard->check()
#18 C:/MAMP/htdocs/LARAVEL/vendor/laravel/framework/src/Illuminate/Auth/Middleware/Authenticate.php(61): Illuminate/Auth/Middleware/Authenticate->authenticate(Object(Illuminate/Http/Request), Array)
#19 C:/MAMP/htdocs/LARAVEL/vendor/laravel/framework/src/Illuminate/Pipeline/Pipeline.php(219): Illuminate/Auth/Middleware/Authenticate->handle(Object(Illuminate/Http/Request), Object(Closure), 'api')
#20 C:/MAMP/htdocs/LARAVEL/vendor/laravel/framework/src/Illuminate/Http/Middleware/HandleCors.php(74): Illuminate/Pipeline/Pipeline->Illuminate/Pipeline/{closure}(Object(Illuminate/Http/Request))
#21 C:/MAMP/htdocs/LARAVEL/vendor/laravel/framework/src/Illuminate/Pipeline/Pipeline.php(219): Illuminate/Http/Middleware/HandleCors->handle(Object(Illuminate/Http/Request), Object(Closure))
#22 C:/MAMP/htdocs/LARAVEL/vendor/laravel/framework/src/Illuminate/Pipeline/Pipeline.php(137): Illuminate/Pipeline/Pipeline->Illuminate/Pipeline/{closure}(Object(Illuminate/Http/Request))
#23 C:/MAMP/htdocs/LARAVEL/vendor/laravel/framework/src/Illuminate/Routing/Router.php(821): Illuminate/Pipeline/Pipeline->then(Object(Closure))
#24 C:/MAMP/htdocs/LARAVEL/vendor/laravel/framework/src/Illuminate/Routing/Router.php(800): Illuminate/Routing/Router->runRouteWithinStack(Object(Illuminate/Routing/Route), Object(Illuminate/Http/Request))
#25 C:/MAMP/htdocs/LARAVEL/vendor/laravel/framework/src/Illuminate/Routing/Router.php(764): Illuminate/Routing/Router->runRoute(Object(Illuminate/Http/Request), Object(Illuminate/Routing/Route))
#26 C:/MAMP/htdocs/LARAVEL/vendor/laravel/framework/src/Illuminate/Routing/Router.php(753): Illuminate/Routing/Router->dispatchToRoute(Object(Illuminate/Http/Request))
#27 C:/MAMP/htdocs/LARAVEL/vendor/laravel/framework/src/Illuminate/Foundation/Http/Kernel.php(200): Illuminate/Routing/Router->dispatch(Object(Illuminate/Http/Request))
#28 C:/MAMP/htdocs/LARAVEL/vendor/laravel/framework/src/Illuminate/Pipeline/Pipeline.php(180): Illuminate/Foundation/Http/Kernel->Illuminate/Foundation/Http/{closure}(Object(Illuminate/Http/Request))
#29 C:/MAMP/htdocs/LARAVEL/vendor/laravel/framework/src/Illuminate/Foundation/Http/Middleware/TransformsRequest.php(21): Illuminate/Pipeline/Pipeline->Illuminate/Pipeline/{closure}(Object(Illuminate/Http/Request))
#30 C:/MAMP/htdocs/LARAVEL/vendor/laravel/framework/src/Illuminate/Foundation/Http/Middleware/ConvertEmptyStringsToNull.php(31): Illuminate/Foundation/Http/Middleware/TransformsRequest->handle(Object(Illuminate/Http/Request), Object(Closure))
#31 C:/MAMP/htdocs/LARAVEL/vendor/laravel/framework/src/Illuminate/Pipeline/Pipeline.php(219): Illuminate/Foundation/Http/Middleware/ConvertEmptyStringsToNull->handle(Object(Illuminate/Http/Request), Object(Closure))
#32 C:/MAMP/htdocs/LARAVEL/vendor/laravel/framework/src/Illuminate/Foundation/Http/Middleware/TransformsRequest.php(21): Illuminate/Pipeline/Pipeline->Illuminate/Pipeline/{closure}(Object(Illuminate/Http/Request))
#33 C:/MAMP/htdocs/LARAVEL/vendor/laravel/framework/src/Illuminate/Foundation/Http/Middleware/TrimStrings.php(51): Illuminate/Foundation/Http/Middleware/TransformsRequest->handle(Object(Illuminate/Http/Request), Object(Closure))
#34 C:/MAMP/htdocs/LARAVEL/vendor/laravel/framework/src/Illuminate/Pipeline/Pipeline.php(219): Illuminate/Foundation/Http/Middleware/TrimStrings->handle(Object(Illuminate/Http/Request), Object(Closure))
#35 C:/MAMP/htdocs/LARAVEL/vendor/laravel/framework/src/Illuminate/Http/Middleware/ValidatePostSize.php(27): Illuminate/Pipeline/Pipeline->Illuminate/Pipeline/{closure}(Object(Illuminate/Http/Request))
#36 C:/MAMP/htdocs/LARAVEL/vendor/laravel/framework/src/Illuminate/Pipeline/Pipeline.php(219): Illuminate/Http/Middleware/ValidatePostSize->handle(Object(Illuminate/Http/Request), Object(Closure))
#37 C:/MAMP/htdocs/LARAVEL/vendor/laravel/framework/src/Illuminate/Foundation/Http/Middleware/PreventRequestsDuringMaintenance.php(109): Illuminate/Pipeline/Pipeline->Illuminate/Pipeline/{closure}(Object(Illuminate/Http/Request))
#38 C:/MAMP/htdocs/LARAVEL/vendor/laravel/framework/src/Illuminate/Pipeline/Pipeline.php(219): Illuminate/Foundation/Http/Middleware/PreventRequestsDuringMaintenance->handle(Object(Illuminate/Http/Request), Object(Closure))
#39 C:/MAMP/htdocs/LARAVEL/vendor/laravel/framework/src/Illuminate/Http/Middleware/HandleCors.php(74): Illuminate/Pipeline/Pipeline->Illuminate/Pipeline/{closure}(Object(Illuminate/Http/Request))
#40 C:/MAMP/htdocs/LARAVEL/vendor/laravel/framework/src/Illuminate/Pipeline/Pipeline.php(219): Illuminate/Http/Middleware/HandleCors->handle(Object(Illuminate/Http/Request), Object(Closure))
#41 C:/MAMP/htdocs/LARAVEL/vendor/laravel/framework/src/Illuminate/Http/Middleware/TrustProxies.php(58): Illuminate/Pipeline/Pipeline->Illuminate/Pipeline/{closure}(Object(Illuminate/Http/Request))
#42 C:/MAMP/htdocs/LARAVEL/vendor/laravel/framework/src/Illuminate/Pipeline/Pipeline.php(219): Illuminate/Http/Middleware/TrustProxies->handle(Object(Illuminate/Http/Request), Object(Closure))
#43 C:/MAMP/htdocs/LARAVEL/vendor/laravel/framework/src/Illuminate/Foundation/Http/Middleware/InvokeDeferredCallbacks.php(22): Illuminate/Pipeline/Pipeline->Illuminate/Pipeline/{closure}(Object(Illuminate/Http/Request))
#44 C:/MAMP/htdocs/LARAVEL/vendor/laravel/framework/src/Illuminate/Pipeline/Pipeline.php(219): Illuminate/Foundation/Http/Middleware/InvokeDeferredCallbacks->handle(Object(Illuminate/Http/Request), Object(Closure))
#45 C:/MAMP/htdocs/LARAVEL/vendor/laravel/framework/src/Illuminate/Http/Middleware/ValidatePathEncoding.php(28): Illuminate/Pipeline/Pipeline->Illuminate/Pipeline/{closure}(Object(Illuminate/Http/Request))
#46 C:/MAMP/htdocs/LARAVEL/vendor/laravel/framework/src/Illuminate/Pipeline/Pipeline.php(219): Illuminate/Http/Middleware/ValidatePathEncoding->handle(Object(Illuminate/Http/Request), Object(Closure))
#47 C:/MAMP/htdocs/LARAVEL/vendor/laravel/framework/src/Illuminate/Pipeline/Pipeline.php(137): Illuminate/Pipeline/Pipeline->Illuminate/Pipeline/{closure}(Object(Illuminate/Http/Request))
#48 C:/MAMP/htdocs/LARAVEL/vendor/laravel/framework/src/Illuminate/Foundation/Http/Kernel.php(175): Illuminate/Pipeline/Pipeline->then(Object(Closure))
#49 C:/MAMP/htdocs/LARAVEL/vendor/laravel/framework/src/Illuminate/Foundation/Http/Kernel.php(144): Illuminate/Foundation/Http/Kernel->sendRequestThroughRouter(Object(Illuminate/Http/Request))
#50 C:/MAMP/htdocs/LARAVEL/vendor/laravel/framework/src/Illuminate/Foundation/Application.php(1220): Illuminate/Foundation/Http/Kernel->handle(Object(Illuminate/Http/Request))
#51 C:/MAMP/htdocs/LARAVEL/public/index.php(20): Illuminate/Foundation/Application->handleRequest(Object(Illuminate/Http/Request))
#52 {main}
"} 
[2026-04-13 09:57:42] local.ERROR: Route [login] not defined. {"exception":"[object] (Symfony\\Component\\Routing\\Exception\\RouteNotFoundException(code: 0): Route [login] not defined. at C:/MAMP/htdocs/LARAVEL/vendor/laravel/framework/src/Illuminate/Routing/UrlGenerator.php:536)
[stacktrace]
#0 C:/MAMP/htdocs/LARAVEL/vendor/laravel/framework/src/Illuminate/Foundation/helpers.php(870): Illuminate/Routing/UrlGenerator->route('login', Array, true)
#1 C:/MAMP/htdocs/LARAVEL/vendor/laravel/framework/src/Illuminate/Foundation/Configuration/ApplicationBuilder.php(280): route('login')
#2 [internal function]: Illuminate/Foundation/Configuration/ApplicationBuilder->Illuminate/Foundation/Configuration/{closure}(Object(Illuminate/Http/Request))
#3 C:/MAMP/htdocs/LARAVEL/vendor/laravel/framework/src/Illuminate/Auth/Middleware/Authenticate.php(117): call_user_func(Object(Closure), Object(Illuminate/Http/Request))
#4 C:/MAMP/htdocs/LARAVEL/vendor/laravel/framework/src/Illuminate/Auth/Middleware/Authenticate.php(104): Illuminate/Auth/Middleware/Authenticate->redirectTo(Object(Illuminate/Http/Request))
#5 C:/MAMP/htdocs/LARAVEL/vendor/laravel/framework/src/Illuminate/Auth/Middleware/Authenticate.php(87): Illuminate/Auth/Middleware/Authenticate->unauthenticated(Object(Illuminate/Http/Request), Array)
#6 C:/MAMP/htdocs/LARAVEL/vendor/laravel/framework/src/Illuminate/Auth/Middleware/Authenticate.php(61): Illuminate/Auth/Middleware/Authenticate->authenticate(Object(Illuminate/Http/Request), Array)
#7 C:/MAMP/htdocs/LARAVEL/vendor/laravel/framework/src/Illuminate/Pipeline/Pipeline.php(219): Illuminate/Auth/Middleware/Authenticate->handle(Object(Illuminate/Http/Request), Object(Closure), 'api')
#8 C:/MAMP/htdocs/LARAVEL/vendor/laravel/framework/src/Illuminate/Http/Middleware/HandleCors.php(74): Illuminate/Pipeline/Pipeline->Illuminate/Pipeline/{closure}(Object(Illuminate/Http/Request))
#9 C:/MAMP/htdocs/LARAVEL/vendor/laravel/framework/src/Illuminate/Pipeline/Pipeline.php(219): Illuminate/Http/Middleware/HandleCors->handle(Object(Illuminate/Http/Request), Object(Closure))
#10 C:/MAMP/htdocs/LARAVEL/vendor/laravel/framework/src/Illuminate/Pipeline/Pipeline.php(137): Illuminate/Pipeline/Pipeline->Illuminate/Pipeline/{closure}(Object(Illuminate/Http/Request))
#11 C:/MAMP/htdocs/LARAVEL/vendor/laravel/framework/src/Illuminate/Routing/Router.php(821): Illuminate/Pipeline/Pipeline->then(Object(Closure))
#12 C:/MAMP/htdocs/LARAVEL/vendor/laravel/framework/src/Illuminate/Routing/Router.php(800): Illuminate/Routing/Router->runRouteWithinStack(Object(Illuminate/Routing/Route), Object(Illuminate/Http/Request))
#13 C:/MAMP/htdocs/LARAVEL/vendor/laravel/framework/src/Illuminate/Routing/Router.php(764): Illuminate/Routing/Router->runRoute(Object(Illuminate/Http/Request), Object(Illuminate/Routing/Route))
#14 C:/MAMP/htdocs/LARAVEL/vendor/laravel/framework/src/Illuminate/Routing/Router.php(753): Illuminate/Routing/Router->dispatchToRoute(Object(Illuminate/Http/Request))
#15 C:/MAMP/htdocs/LARAVEL/vendor/laravel/framework/src/Illuminate/Foundation/Http/Kernel.php(200): Illuminate/Routing/Router->dispatch(Object(Illuminate/Http/Request))
#16 C:/MAMP/htdocs/LARAVEL/vendor/laravel/framework/src/Illuminate/Pipeline/Pipeline.php(180): Illuminate/Foundation/Http/Kernel->Illuminate/Foundation/Http/{closure}(Object(Illuminate/Http/Request))
#17 C:/MAMP/htdocs/LARAVEL/vendor/laravel/framework/src/Illuminate/Foundation/Http/Middleware/TransformsRequest.php(21): Illuminate/Pipeline/Pipeline->Illuminate/Pipeline/{closure}(Object(Illuminate/Http/Request))
#18 C:/MAMP/htdocs/LARAVEL/vendor/laravel/framework/src/Illuminate/Foundation/Http/Middleware/ConvertEmptyStringsToNull.php(31): Illuminate/Foundation/Http/Middleware/TransformsRequest->handle(Object(Illuminate/Http/Request), Object(Closure))
#19 C:/MAMP/htdocs/LARAVEL/vendor/laravel/framework/src/Illuminate/Pipeline/Pipeline.php(219): Illuminate/Foundation/Http/Middleware/ConvertEmptyStringsToNull->handle(Object(Illuminate/Http/Request), Object(Closure))
#20 C:/MAMP/htdocs/LARAVEL/vendor/laravel/framework/src/Illuminate/Foundation/Http/Middleware/TransformsRequest.php(21): Illuminate/Pipeline/Pipeline->Illuminate/Pipeline/{closure}(Object(Illuminate/Http/Request))
#21 C:/MAMP/htdocs/LARAVEL/vendor/laravel/framework/src/Illuminate/Foundation/Http/Middleware/TrimStrings.php(51): Illuminate/Foundation/Http/Middleware/TransformsRequest->handle(Object(Illuminate/Http/Request), Object(Closure))
#22 C:/MAMP/htdocs/LARAVEL/vendor/laravel/framework/src/Illuminate/Pipeline/Pipeline.php(219): Illuminate/Foundation/Http/Middleware/TrimStrings->handle(Object(Illuminate/Http/Request), Object(Closure))
#23 C:/MAMP/htdocs/LARAVEL/vendor/laravel/framework/src/Illuminate/Http/Middleware/ValidatePostSize.php(27): Illuminate/Pipeline/Pipeline->Illuminate/Pipeline/{closure}(Object(Illuminate/Http/Request))
#24 C:/MAMP/htdocs/LARAVEL/vendor/laravel/framework/src/Illuminate/Pipeline/Pipeline.php(219): Illuminate/Http/Middleware/ValidatePostSize->handle(Object(Illuminate/Http/Request), Object(Closure))
#25 C:/MAMP/htdocs/LARAVEL/vendor/laravel/framework/src/Illuminate/Foundation/Http/Middleware/PreventRequestsDuringMaintenance.php(109): Illuminate/Pipeline/Pipeline->Illuminate/Pipeline/{closure}(Object(Illuminate/Http/Request))
#26 C:/MAMP/htdocs/LARAVEL/vendor/laravel/framework/src/Illuminate/Pipeline/Pipeline.php(219): Illuminate/Foundation/Http/Middleware/PreventRequestsDuringMaintenance->handle(Object(Illuminate/Http/Request), Object(Closure))
#27 C:/MAMP/htdocs/LARAVEL/vendor/laravel/framework/src/Illuminate/Http/Middleware/HandleCors.php(74): Illuminate/Pipeline/Pipeline->Illuminate/Pipeline/{closure}(Object(Illuminate/Http/Request))
#28 C:/MAMP/htdocs/LARAVEL/vendor/laravel/framework/src/Illuminate/Pipeline/Pipeline.php(219): Illuminate/Http/Middleware/HandleCors->handle(Object(Illuminate/Http/Request), Object(Closure))
#29 C:/MAMP/htdocs/LARAVEL/vendor/laravel/framework/src/Illuminate/Http/Middleware/TrustProxies.php(58): Illuminate/Pipeline/Pipeline->Illuminate/Pipeline/{closure}(Object(Illuminate/Http/Request))
#30 C:/MAMP/htdocs/LARAVEL/vendor/laravel/framework/src/Illuminate/Pipeline/Pipeline.php(219): Illuminate/Http/Middleware/TrustProxies->handle(Object(Illuminate/Http/Request), Object(Closure))
#31 C:/MAMP/htdocs/LARAVEL/vendor/laravel/framework/src/Illuminate/Foundation/Http/Middleware/InvokeDeferredCallbacks.php(22): Illuminate/Pipeline/Pipeline->Illuminate/Pipeline/{closure}(Object(Illuminate/Http/Request))
#32 C:/MAMP/htdocs/LARAVEL/vendor/laravel/framework/src/Illuminate/Pipeline/Pipeline.php(219): Illuminate/Foundation/Http/Middleware/InvokeDeferredCallbacks->handle(Object(Illuminate/Http/Request), Object(Closure))
#33 C:/MAMP/htdocs/LARAVEL/vendor/laravel/framework/src/Illuminate/Http/Middleware/ValidatePathEncoding.php(28): Illuminate/Pipeline/Pipeline->Illuminate/Pipeline/{closure}(Object(Illuminate/Http/Request))
#34 C:/MAMP/htdocs/LARAVEL/vendor/laravel/framework/src/Illuminate/Pipeline/Pipeline.php(219): Illuminate/Http/Middleware/ValidatePathEncoding->handle(Object(Illuminate/Http/Request), Object(Closure))
#35 C:/MAMP/htdocs/LARAVEL/vendor/laravel/framework/src/Illuminate/Pipeline/Pipeline.php(137): Illuminate/Pipeline/Pipeline->Illuminate/Pipeline/{closure}(Object(Illuminate/Http/Request))
#36 C:/MAMP/htdocs/LARAVEL/vendor/laravel/framework/src/Illuminate/Foundation/Http/Kernel.php(175): Illuminate/Pipeline/Pipeline->then(Object(Closure))
#37 C:/MAMP/htdocs/LARAVEL/vendor/laravel/framework/src/Illuminate/Foundation/Http/Kernel.php(144): Illuminate/Foundation/Http/Kernel->sendRequestThroughRouter(Object(Illuminate/Http/Request))
#38 C:/MAMP/htdocs/LARAVEL/vendor/laravel/framework/src/Illuminate/Foundation/Application.php(1220): Illuminate/Foundation/Http/Kernel->handle(Object(Illuminate/Http/Request))
#39 C:/MAMP/htdocs/LARAVEL/public/index.php(20): Illuminate/Foundation/Application->handleRequest(Object(Illuminate/Http/Request))
#40 {main}
"} 
[2026-04-13 09:59:52] local.ERROR: Route [login] not defined. {"exception":"[object] (Symfony\\Component\\Routing\\Exception\\RouteNotFoundException(code: 0): Route [login] not defined. at C:/MAMP/htdocs/LARAVEL/vendor/laravel/framework/src/Illuminate/Routing/UrlGenerator.php:536)
[stacktrace]
#0 C:/MAMP/htdocs/LARAVEL/vendor/laravel/framework/src/Illuminate/Foundation/helpers.php(870): Illuminate/Routing/UrlGenerator->route('login', Array, true)
#1 C:/MAMP/htdocs/LARAVEL/vendor/laravel/framework/src/Illuminate/Foundation/Configuration/ApplicationBuilder.php(280): route('login')
#2 [internal function]: Illuminate/Foundation/Configuration/ApplicationBuilder->Illuminate/Foundation/Configuration/{closure}(Object(Illuminate/Http/Request))
#3 C:/MAMP/htdocs/LARAVEL/vendor/laravel/framework/src/Illuminate/Auth/Middleware/Authenticate.php(117): call_user_func(Object(Closure), Object(Illuminate/Http/Request))
#4 C:/MAMP/htdocs/LARAVEL/vendor/laravel/framework/src/Illuminate/Auth/Middleware/Authenticate.php(104): Illuminate/Auth/Middleware/Authenticate->redirectTo(Object(Illuminate/Http/Request))
#5 C:/MAMP/htdocs/LARAVEL/vendor/laravel/framework/src/Illuminate/Auth/Middleware/Authenticate.php(87): Illuminate/Auth/Middleware/Authenticate->unauthenticated(Object(Illuminate/Http/Request), Array)
#6 C:/MAMP/htdocs/LARAVEL/vendor/laravel/framework/src/Illuminate/Auth/Middleware/Authenticate.php(61): Illuminate/Auth/Middleware/Authenticate->authenticate(Object(Illuminate/Http/Request), Array)
#7 C:/MAMP/htdocs/LARAVEL/vendor/laravel/framework/src/Illuminate/Pipeline/Pipeline.php(219): Illuminate/Auth/Middleware/Authenticate->handle(Object(Illuminate/Http/Request), Object(Closure), 'api')
#8 C:/MAMP/htdocs/LARAVEL/vendor/laravel/framework/src/Illuminate/Http/Middleware/HandleCors.php(74): Illuminate/Pipeline/Pipeline->Illuminate/Pipeline/{closure}(Object(Illuminate/Http/Request))
#9 C:/MAMP/htdocs/LARAVEL/vendor/laravel/framework/src/Illuminate/Pipeline/Pipeline.php(219): Illuminate/Http/Middleware/HandleCors->handle(Object(Illuminate/Http/Request), Object(Closure))
#10 C:/MAMP/htdocs/LARAVEL/vendor/laravel/framework/src/Illuminate/Pipeline/Pipeline.php(137): Illuminate/Pipeline/Pipeline->Illuminate/Pipeline/{closure}(Object(Illuminate/Http/Request))
#11 C:/MAMP/htdocs/LARAVEL/vendor/laravel/framework/src/Illuminate/Routing/Router.php(821): Illuminate/Pipeline/Pipeline->then(Object(Closure))
#12 C:/MAMP/htdocs/LARAVEL/vendor/laravel/framework/src/Illuminate/Routing/Router.php(800): Illuminate/Routing/Router->runRouteWithinStack(Object(Illuminate/Routing/Route), Object(Illuminate/Http/Request))
#13 C:/MAMP/htdocs/LARAVEL/vendor/laravel/framework/src/Illuminate/Routing/Router.php(764): Illuminate/Routing/Router->runRoute(Object(Illuminate/Http/Request), Object(Illuminate/Routing/Route))
#14 C:/MAMP/htdocs/LARAVEL/vendor/laravel/framework/src/Illuminate/Routing/Router.php(753): Illuminate/Routing/Router->dispatchToRoute(Object(Illuminate/Http/Request))
#15 C:/MAMP/htdocs/LARAVEL/vendor/laravel/framework/src/Illuminate/Foundation/Http/Kernel.php(200): Illuminate/Routing/Router->dispatch(Object(Illuminate/Http/Request))
#16 C:/MAMP/htdocs/LARAVEL/vendor/laravel/framework/src/Illuminate/Pipeline/Pipeline.php(180): Illuminate/Foundation/Http/Kernel->Illuminate/Foundation/Http/{closure}(Object(Illuminate/Http/Request))
#17 C:/MAMP/htdocs/LARAVEL/vendor/laravel/framework/src/Illuminate/Foundation/Http/Middleware/TransformsRequest.php(21): Illuminate/Pipeline/Pipeline->Illuminate/Pipeline/{closure}(Object(Illuminate/Http/Request))
#18 C:/MAMP/htdocs/LARAVEL/vendor/laravel/framework/src/Illuminate/Foundation/Http/Middleware/ConvertEmptyStringsToNull.php(31): Illuminate/Foundation/Http/Middleware/TransformsRequest->handle(Object(Illuminate/Http/Request), Object(Closure))
#19 C:/MAMP/htdocs/LARAVEL/vendor/laravel/framework/src/Illuminate/Pipeline/Pipeline.php(219): Illuminate/Foundation/Http/Middleware/ConvertEmptyStringsToNull->handle(Object(Illuminate/Http/Request), Object(Closure))
#20 C:/MAMP/htdocs/LARAVEL/vendor/laravel/framework/src/Illuminate/Foundation/Http/Middleware/TransformsRequest.php(21): Illuminate/Pipeline/Pipeline->Illuminate/Pipeline/{closure}(Object(Illuminate/Http/Request))
#21 C:/MAMP/htdocs/LARAVEL/vendor/laravel/framework/src/Illuminate/Foundation/Http/Middleware/TrimStrings.php(51): Illuminate/Foundation/Http/Middleware/TransformsRequest->handle(Object(Illuminate/Http/Request), Object(Closure))
#22 C:/MAMP/htdocs/LARAVEL/vendor/laravel/framework/src/Illuminate/Pipeline/Pipeline.php(219): Illuminate/Foundation/Http/Middleware/TrimStrings->handle(Object(Illuminate/Http/Request), Object(Closure))
#23 C:/MAMP/htdocs/LARAVEL/vendor/laravel/framework/src/Illuminate/Http/Middleware/ValidatePostSize.php(27): Illuminate/Pipeline/Pipeline->Illuminate/Pipeline/{closure}(Object(Illuminate/Http/Request))
#24 C:/MAMP/htdocs/LARAVEL/vendor/laravel/framework/src/Illuminate/Pipeline/Pipeline.php(219): Illuminate/Http/Middleware/ValidatePostSize->handle(Object(Illuminate/Http/Request), Object(Closure))
#25 C:/MAMP/htdocs/LARAVEL/vendor/laravel/framework/src/Illuminate/Foundation/Http/Middleware/PreventRequestsDuringMaintenance.php(109): Illuminate/Pipeline/Pipeline->Illuminate/Pipeline/{closure}(Object(Illuminate/Http/Request))
#26 C:/MAMP/htdocs/LARAVEL/vendor/laravel/framework/src/Illuminate/Pipeline/Pipeline.php(219): Illuminate/Foundation/Http/Middleware/PreventRequestsDuringMaintenance->handle(Object(Illuminate/Http/Request), Object(Closure))
#27 C:/MAMP/htdocs/LARAVEL/vendor/laravel/framework/src/Illuminate/Http/Middleware/HandleCors.php(74): Illuminate/Pipeline/Pipeline->Illuminate/Pipeline/{closure}(Object(Illuminate/Http/Request))
#28 C:/MAMP/htdocs/LARAVEL/vendor/laravel/framework/src/Illuminate/Pipeline/Pipeline.php(219): Illuminate/Http/Middleware/HandleCors->handle(Object(Illuminate/Http/Request), Object(Closure))
#29 C:/MAMP/htdocs/LARAVEL/vendor/laravel/framework/src/Illuminate/Http/Middleware/TrustProxies.php(58): Illuminate/Pipeline/Pipeline->Illuminate/Pipeline/{closure}(Object(Illuminate/Http/Request))
#30 C:/MAMP/htdocs/LARAVEL/vendor/laravel/framework/src/Illuminate/Pipeline/Pipeline.php(219): Illuminate/Http/Middleware/TrustProxies->handle(Object(Illuminate/Http/Request), Object(Closure))
#31 C:/MAMP/htdocs/LARAVEL/vendor/laravel/framework/src/Illuminate/Foundation/Http/Middleware/InvokeDeferredCallbacks.php(22): Illuminate/Pipeline/Pipeline->Illuminate/Pipeline/{closure}(Object(Illuminate/Http/Request))
#32 C:/MAMP/htdocs/LARAVEL/vendor/laravel/framework/src/Illuminate/Pipeline/Pipeline.php(219): Illuminate/Foundation/Http/Middleware/InvokeDeferredCallbacks->handle(Object(Illuminate/Http/Request), Object(Closure))
#33 C:/MAMP/htdocs/LARAVEL/vendor/laravel/framework/src/Illuminate/Http/Middleware/ValidatePathEncoding.php(28): Illuminate/Pipeline/Pipeline->Illuminate/Pipeline/{closure}(Object(Illuminate/Http/Request))
#34 C:/MAMP/htdocs/LARAVEL/vendor/laravel/framework/src/Illuminate/Pipeline/Pipeline.php(219): Illuminate/Http/Middleware/ValidatePathEncoding->handle(Object(Illuminate/Http/Request), Object(Closure))
#35 C:/MAMP/htdocs/LARAVEL/vendor/laravel/framework/src/Illuminate/Pipeline/Pipeline.php(137): Illuminate/Pipeline/Pipeline->Illuminate/Pipeline/{closure}(Object(Illuminate/Http/Request))
#36 C:/MAMP/htdocs/LARAVEL/vendor/laravel/framework/src/Illuminate/Foundation/Http/Kernel.php(175): Illuminate/Pipeline/Pipeline->then(Object(Closure))
#37 C:/MAMP/htdocs/LARAVEL/vendor/laravel/framework/src/Illuminate/Foundation/Http/Kernel.php(144): Illuminate/Foundation/Http/Kernel->sendRequestThroughRouter(Object(Illuminate/Http/Request))
#38 C:/MAMP/htdocs/LARAVEL/vendor/laravel/framework/src/Illuminate/Foundation/Application.php(1220): Illuminate/Foundation/Http/Kernel->handle(Object(Illuminate/Http/Request))
#39 C:/MAMP/htdocs/LARAVEL/public/index.php(20): Illuminate/Foundation/Application->handleRequest(Object(Illuminate/Http/Request))
#40 {main}
"} 
[2026-04-13 10:24:45] local.ERROR: Cannot assign Symfony\Component\HttpFoundation\ParameterBag to property Symfony\Component\HttpFoundation\Request::$request of type Symfony\Component\HttpFoundation\InputBag {"exception":"[object] (TypeError(code: 0): Cannot assign Symfony\\Component\\HttpFoundation\\ParameterBag to property Symfony\\Component\\HttpFoundation\\Request::$request of type Symfony\\Component\\HttpFoundation\\InputBag at C:/MAMP/htdocs/LARAVEL/app/Http/Middleware/ForceJsonResponse.php:28)
[stacktrace]
#0 C:/MAMP/htdocs/LARAVEL/vendor/laravel/framework/src/Illuminate/Pipeline/Pipeline.php(219): App/Http/Middleware/ForceJsonResponse->handle(Object(Illuminate/Http/Request), Object(Closure))
#1 C:/MAMP/htdocs/LARAVEL/vendor/laravel/framework/src/Illuminate/Pipeline/Pipeline.php(137): Illuminate/Pipeline/Pipeline->Illuminate/Pipeline/{closure}(Object(Illuminate/Http/Request))
#2 C:/MAMP/htdocs/LARAVEL/vendor/laravel/framework/src/Illuminate/Routing/Router.php(821): Illuminate/Pipeline/Pipeline->then(Object(Closure))
#3 C:/MAMP/htdocs/LARAVEL/vendor/laravel/framework/src/Illuminate/Routing/Router.php(800): Illuminate/Routing/Router->runRouteWithinStack(Object(Illuminate/Routing/Route), Object(Illuminate/Http/Request))
#4 C:/MAMP/htdocs/LARAVEL/vendor/laravel/framework/src/Illuminate/Routing/Router.php(764): Illuminate/Routing/Router->runRoute(Object(Illuminate/Http/Request), Object(Illuminate/Routing/Route))
#5 C:/MAMP/htdocs/LARAVEL/vendor/laravel/framework/src/Illuminate/Routing/Router.php(753): Illuminate/Routing/Router->dispatchToRoute(Object(Illuminate/Http/Request))
#6 C:/MAMP/htdocs/LARAVEL/vendor/laravel/framework/src/Illuminate/Foundation/Http/Kernel.php(200): Illuminate/Routing/Router->dispatch(Object(Illuminate/Http/Request))
#7 C:/MAMP/htdocs/LARAVEL/vendor/laravel/framework/src/Illuminate/Pipeline/Pipeline.php(180): Illuminate/Foundation/Http/Kernel->Illuminate/Foundation/Http/{closure}(Object(Illuminate/Http/Request))
#8 C:/MAMP/htdocs/LARAVEL/vendor/laravel/framework/src/Illuminate/Foundation/Http/Middleware/TransformsRequest.php(21): Illuminate/Pipeline/Pipeline->Illuminate/Pipeline/{closure}(Object(Illuminate/Http/Request))
#9 C:/MAMP/htdocs/LARAVEL/vendor/laravel/framework/src/Illuminate/Foundation/Http/Middleware/ConvertEmptyStringsToNull.php(31): Illuminate/Foundation/Http/Middleware/TransformsRequest->handle(Object(Illuminate/Http/Request), Object(Closure))
#10 C:/MAMP/htdocs/LARAVEL/vendor/laravel/framework/src/Illuminate/Pipeline/Pipeline.php(219): Illuminate/Foundation/Http/Middleware/ConvertEmptyStringsToNull->handle(Object(Illuminate/Http/Request), Object(Closure))
#11 C:/MAMP/htdocs/LARAVEL/vendor/laravel/framework/src/Illuminate/Foundation/Http/Middleware/TransformsRequest.php(21): Illuminate/Pipeline/Pipeline->Illuminate/Pipeline/{closure}(Object(Illuminate/Http/Request))
#12 C:/MAMP/htdocs/LARAVEL/vendor/laravel/framework/src/Illuminate/Foundation/Http/Middleware/TrimStrings.php(51): Illuminate/Foundation/Http/Middleware/TransformsRequest->handle(Object(Illuminate/Http/Request), Object(Closure))
#13 C:/MAMP/htdocs/LARAVEL/vendor/laravel/framework/src/Illuminate/Pipeline/Pipeline.php(219): Illuminate/Foundation/Http/Middleware/TrimStrings->handle(Object(Illuminate/Http/Request), Object(Closure))
#14 C:/MAMP/htdocs/LARAVEL/vendor/laravel/framework/src/Illuminate/Http/Middleware/ValidatePostSize.php(27): Illuminate/Pipeline/Pipeline->Illuminate/Pipeline/{closure}(Object(Illuminate/Http/Request))
#15 C:/MAMP/htdocs/LARAVEL/vendor/laravel/framework/src/Illuminate/Pipeline/Pipeline.php(219): Illuminate/Http/Middleware/ValidatePostSize->handle(Object(Illuminate/Http/Request), Object(Closure))
#16 C:/MAMP/htdocs/LARAVEL/vendor/laravel/framework/src/Illuminate/Foundation/Http/Middleware/PreventRequestsDuringMaintenance.php(109): Illuminate/Pipeline/Pipeline->Illuminate/Pipeline/{closure}(Object(Illuminate/Http/Request))
#17 C:/MAMP/htdocs/LARAVEL/vendor/laravel/framework/src/Illuminate/Pipeline/Pipeline.php(219): Illuminate/Foundation/Http/Middleware/PreventRequestsDuringMaintenance->handle(Object(Illuminate/Http/Request), Object(Closure))
#18 C:/MAMP/htdocs/LARAVEL/vendor/laravel/framework/src/Illuminate/Http/Middleware/HandleCors.php(74): Illuminate/Pipeline/Pipeline->Illuminate/Pipeline/{closure}(Object(Illuminate/Http/Request))
#19 C:/MAMP/htdocs/LARAVEL/vendor/laravel/framework/src/Illuminate/Pipeline/Pipeline.php(219): Illuminate/Http/Middleware/HandleCors->handle(Object(Illuminate/Http/Request), Object(Closure))
#20 C:/MAMP/htdocs/LARAVEL/vendor/laravel/framework/src/Illuminate/Http/Middleware/TrustProxies.php(58): Illuminate/Pipeline/Pipeline->Illuminate/Pipeline/{closure}(Object(Illuminate/Http/Request))
#21 C:/MAMP/htdocs/LARAVEL/vendor/laravel/framework/src/Illuminate/Pipeline/Pipeline.php(219): Illuminate/Http/Middleware/TrustProxies->handle(Object(Illuminate/Http/Request), Object(Closure))
#22 C:/MAMP/htdocs/LARAVEL/vendor/laravel/framework/src/Illuminate/Foundation/Http/Middleware/InvokeDeferredCallbacks.php(22): Illuminate/Pipeline/Pipeline->Illuminate/Pipeline/{closure}(Object(Illuminate/Http/Request))
#23 C:/MAMP/htdocs/LARAVEL/vendor/laravel/framework/src/Illuminate/Pipeline/Pipeline.php(219): Illuminate/Foundation/Http/Middleware/InvokeDeferredCallbacks->handle(Object(Illuminate/Http/Request), Object(Closure))
#24 C:/MAMP/htdocs/LARAVEL/vendor/laravel/framework/src/Illuminate/Http/Middleware/ValidatePathEncoding.php(28): Illuminate/Pipeline/Pipeline->Illuminate/Pipeline/{closure}(Object(Illuminate/Http/Request))
#25 C:/MAMP/htdocs/LARAVEL/vendor/laravel/framework/src/Illuminate/Pipeline/Pipeline.php(219): Illuminate/Http/Middleware/ValidatePathEncoding->handle(Object(Illuminate/Http/Request), Object(Closure))
#26 C:/MAMP/htdocs/LARAVEL/vendor/laravel/framework/src/Illuminate/Pipeline/Pipeline.php(137): Illuminate/Pipeline/Pipeline->Illuminate/Pipeline/{closure}(Object(Illuminate/Http/Request))
#27 C:/MAMP/htdocs/LARAVEL/vendor/laravel/framework/src/Illuminate/Foundation/Http/Kernel.php(175): Illuminate/Pipeline/Pipeline->then(Object(Closure))
#28 C:/MAMP/htdocs/LARAVEL/vendor/laravel/framework/src/Illuminate/Foundation/Http/Kernel.php(144): Illuminate/Foundation/Http/Kernel->sendRequestThroughRouter(Object(Illuminate/Http/Request))
#29 C:/MAMP/htdocs/LARAVEL/vendor/laravel/framework/src/Illuminate/Foundation/Application.php(1220): Illuminate/Foundation/Http/Kernel->handle(Object(Illuminate/Http/Request))
#30 C:/MAMP/htdocs/LARAVEL/public/index.php(20): Illuminate/Foundation/Application->handleRequest(Object(Illuminate/Http/Request))
#31 {main}
"} 
[2026-04-13 10:35:08] local.INFO: Middleware - Raw content hex: {"hex":"7b0d0a202022757365726e616d65223a20227061717569746f222c0d0a202022656d61696c223a20227061717569746f4073","length":86} 
[2026-04-13 10:35:08] local.INFO: Middleware - Content-Type: {"ct":"application/json"} 
[2026-04-13 10:35:08] local.INFO: Middleware - Decoded: {"decoded":{"username":"paquito","email":"paquito@sample.com","password":"1234"},"json_error":0} 
[2026-04-13 10:36:44] local.INFO: Middleware - Raw content hex: {"hex":"7b0d0a202022757365726e616d65223a20227061717569746f222c0d0a202022656d61696c223a20227061717569746f4073","length":86} 
[2026-04-13 10:36:44] local.INFO: Middleware - Content-Type: {"ct":"application/json"} 
[2026-04-13 10:36:44] local.INFO: Middleware - Decoded: {"decoded":{"username":"paquito","email":"paquito@sample.com","password":"1234"},"json_error":0} 
[2026-04-13 10:37:44] local.INFO: Middleware - Raw content hex: {"hex":"7b0d0a202022757365726e616d65223a20227061717569746f222c0d0a202022656d61696c223a20227061717569746f4073","length":86} 
[2026-04-13 10:37:44] local.INFO: Middleware - Content-Type: {"ct":"application/json"} 
[2026-04-13 10:37:44] local.INFO: Middleware - Decoded: {"decoded":{"username":"paquito","email":"paquito@sample.com","password":"1234"},"json_error":0} 
[2026-04-13 10:38:43] local.INFO: Middleware - Raw content hex: {"hex":"7b0d0a202022757365726e616d65223a20227061717569746f222c0d0a202022656d61696c223a20227061717569746f4073","length":86} 
[2026-04-13 10:38:43] local.INFO: Middleware - Content-Type: {"ct":"application/json"} 
[2026-04-13 10:38:43] local.INFO: Middleware - Decoded: {"decoded":{"username":"paquito","email":"paquito@sample.com","password":"1234"},"json_error":0} 
[2026-04-13 10:40:05] local.INFO: Middleware - Raw content hex: {"hex":"7b0d0a2020226964223a2022303039222c0d0a2020226e616d65223a202250617263656c426167222c0d0a2020226d6f6465","length":87} 
[2026-04-13 10:40:05] local.INFO: Middleware - Content-Type: {"ct":"application/json"} 
[2026-04-13 10:40:05] local.INFO: Middleware - Decoded: {"decoded":{"id":"009","name":"ParcelBag","model":"EcoBag","brand":"Adidas"},"json_error":0} 
[2026-04-13 10:42:24] local.INFO: Middleware - Raw content hex: {"hex":"7b0d0a2020226964223a2022303039222c0d0a2020226e616d65223a202250617263656c426167222c0d0a2020226d6f6465","length":87} 
[2026-04-13 10:42:24] local.INFO: Middleware - Content-Type: {"ct":"application/json"} 
[2026-04-13 10:42:24] local.INFO: Middleware - Decoded: {"decoded":{"id":"009","name":"ParcelBag","model":"EcoBag","brand":"Adidas"},"json_error":0} 
[2026-04-13 10:44:51] local.INFO: Middleware - Raw content hex: {"hex":"7b22656d61696c223a22617665656e6f40746573742e636f6d222c2270617373776f7264223a2231323334227d","length":45} 
[2026-04-13 10:44:51] local.INFO: Middleware - Content-Type: {"ct":"application/json"} 
[2026-04-13 10:44:51] local.INFO: Middleware - Decoded: {"decoded":{"email":"aveeno@test.com","password":"1234"},"json_error":0} 
[2026-04-13 10:45:02] local.INFO: Middleware - Raw content hex: {"hex":"7b0d0a2020226964223a2022303039222c0d0a2020226e616d65223a202250617263656c426167222c0d0a2020226d6f6465","length":87} 
[2026-04-13 10:45:02] local.INFO: Middleware - Content-Type: {"ct":"application/json"} 
[2026-04-13 10:45:02] local.INFO: Middleware - Decoded: {"decoded":{"id":"009","name":"ParcelBag","model":"EcoBag","brand":"Adidas"},"json_error":0} 
[2026-04-13 10:45:30] local.INFO: Middleware - Raw content hex: {"hex":"7b226964223a22393939222c226e616d65223a2254657374426167222c226d6f64656c223a22546573744d6f64656c222c22","length":69} 
[2026-04-13 10:45:30] local.INFO: Middleware - Content-Type: {"ct":"application/json"} 
[2026-04-13 10:45:30] local.INFO: Middleware - Decoded: {"decoded":{"id":"999","name":"TestBag","model":"TestModel","brand":"TestBrand"},"json_error":0} 
[2026-04-13 10:46:23] local.INFO: Middleware - Raw content hex: {"hex":"7b226964223a22393939222c226e616d65223a2254657374426167222c226d6f64656c223a22546573744d6f64656c222c22","length":69} 
[2026-04-13 10:46:23] local.INFO: Middleware - Content-Type: {"ct":"application/json"} 
[2026-04-13 10:46:23] local.INFO: Middleware - Decoded: {"decoded":{"id":"999","name":"TestBag","model":"TestModel","brand":"TestBrand"},"json_error":0} 
[2026-04-13 11:07:33] local.INFO: Middleware - Raw content hex: {"hex":"7b0d0a20202020226964223a2233220d0a0d0a7d","length":20} 
[2026-04-13 11:07:33] local.INFO: Middleware - Content-Type: {"ct":"application/json"} 
[2026-04-13 11:07:33] local.INFO: Middleware - Decoded: {"decoded":{"id":"3"},"json_error":0} 
[2026-04-13 11:08:48] local.INFO: Middleware - Raw content hex: {"hex":"7b0d0a20202020226964223a203939392c0d0a20202020226e616d65223a2022426167207361204d65726b61646f222c0d0a","length":103} 
[2026-04-13 11:08:48] local.INFO: Middleware - Content-Type: {"ct":"application/json"} 
[2026-04-13 11:08:48] local.INFO: Middleware - Decoded: {"decoded":{"id":999,"name":"Bag sa Merkado","model":"EcoBag","brand":"Adidas"},"json_error":0} 
